Language,Program,Powercap,Package,Core,GPU,DRAM,Time,Temperature,Memory
Java_JIT, idle_nbody.java-4_50000000, -1, 15.833129882812500000, 0.926696777343750000, 0.068359375000000000, 10.260620117187500000, 10001.9, 39.2, 118984
Java_JIT, idle_nbody.java-4_50000000, -1, 15.288330078125000000, 0.526000976562500000, 0.072753906250000000, 10.159484863281250000, 10001.7, 37.2, 118984
Java_JIT, idle_nbody.java-4_50000000, -1, 16.015808105468750000, 1.117675781250000000, 0.118530273437500000, 10.275268554687500000, 10001.9, 36.8, 118984
Java_JIT, idle_nbody.java-4_50000000, -1, 15.282470703125000000, 0.573730468750000000, 0.076232910156250000, 10.160034179687500000, 10001.8, 36.0, 118984
Java_JIT, idle_nbody.java-4_50000000, -1, 15.776245117187500000, 0.921875000000000000, 0.095275878906250000, 10.271789550781250000, 10001.9, 36.2, 118984
Java_JIT, idle_nbody.java-4_50000000, -1, 15.190002441406250000, 0.461181640625000000, 0.082275390625000000, 10.159973144531250000, 10001.9, 36.5, 118984
Java_JIT, idle_nbody.java-4_50000000, -1, 17.007324218750000000, 2.081298828125000000, 0.114379882812500000, 10.295410156250000000, 10002, 36.5, 118984
Java_JIT, idle_nbody.java-4_50000000, -1, 15.264282226562500000, 0.528198242187500000, 0.072082519531250000, 10.160644531250000000, 10002, 36.8, 118984
Java_JIT, idle_nbody.java-4_50000000, -1, 15.867065429687500000, 0.981933593750000000, 0.111389160156250000, 10.279663085937500000, 10001.9, 36.5, 118984
Java_JIT, idle_nbody.java-4_50000000, -1, 15.584838867187500000, 0.831054687500000000, 0.080383300781250000, 10.172973632812500000, 10001.9, 36.5, 118984
Java_JIT, nbody.java-4_50000000, -1, 81.210327148437500000, 71.676147460937500000, 0.173339843750000000, 5.418518066406250000, 4915.36, 38.5, 118984
Java_JIT, nbody.java-4_50000000, -1, 81.874023437500000000, 72.307067871093750000, 0.155944824218750000, 5.382629394531250000, 4894.19, 38.8, 118984
Java_JIT, nbody.java-4_50000000, -1, 81.867248535156250000, 72.263488769531250000, 0.167663574218750000, 5.380798339843750000, 4892.48, 39.8, 118984
Java_JIT, nbody.java-4_50000000, -1, 82.428894042968750000, 72.840881347656250000, 0.154846191406250000, 5.382934570312500000, 4884.01, 40.0, 118984
Java_JIT, nbody.java-4_50000000, -1, 80.277343750000000000, 70.773864746093750000, 0.150207519531250000, 5.399169921875000000, 4902.32, 39.8, 118984
Java_JIT, nbody.java-4_50000000, -1, 80.179138183593750000, 70.549865722656250000, 0.160522460937500000, 5.373046875000000000, 4891.57, 39.8, 118984
Java_JIT, nbody.java-4_50000000, -1, 80.990173339843750000, 71.302551269531250000, 0.170959472656250000, 5.411926269531250000, 4909.36, 39.2, 118984
Java_JIT, nbody.java-4_50000000, -1, 81.994445800781250000, 72.285461425781250000, 0.151123046875000000, 5.505249023437500000, 5010.27, 39.2, 118984
Java_JIT, nbody.java-4_50000000, -1, 81.361206054687500000, 71.798400878906250000, 0.148925781250000000, 5.376892089843750000, 4887.23, 39.0, 118984
Java_JIT, nbody.java-4_50000000, -1, 80.310119628906250000, 70.826843261718750000, 0.163513183593750000, 5.388000488281250000, 4898.34, 38.8, 118984
Java, idle_nbody.java-4_50000000, -1, 15.254394531250000000, 0.544982910156250000, 0.048950195312500000, 10.152099609375000000, 10001.9, 37.2, 90544
Java, idle_nbody.java-4_50000000, -1, 15.893432617187500000, 1.062622070312500000, 0.094116210937500000, 10.268676757812500000, 10002.1, 36.0, 90544
Java, idle_nbody.java-4_50000000, -1, 15.126586914062500000, 0.467041015625000000, 0.076293945312500000, 10.153686523437500000, 10001.8, 34.8, 90544
Java, idle_nbody.java-4_50000000, -1, 15.703979492187500000, 0.912353515625000000, 0.091430664062500000, 10.270874023437500000, 10002.1, 34.5, 90544
Java, idle_nbody.java-4_50000000, -1, 15.164062500000000000, 0.503295898437500000, 0.077941894531250000, 10.159057617187500000, 10001.9, 34.8, 90544
Java, idle_nbody.java-4_50000000, -1, 15.784912109375000000, 0.968078613281250000, 0.112487792968750000, 10.273010253906250000, 10001.9, 35.5, 90544
Java, idle_nbody.java-4_50000000, -1, 15.226501464843750000, 0.543945312500000000, 0.066772460937500000, 10.169982910156250000, 10001.9, 35.2, 90544
Java, idle_nbody.java-4_50000000, -1, 15.927124023437500000, 1.114501953125000000, 0.101074218750000000, 10.271911621093750000, 10001.9, 35.8, 90544
Java, idle_nbody.java-4_50000000, -1, 15.183166503906250000, 0.495117187500000000, 0.081176757812500000, 10.160522460937500000, 10002, 36.2, 90544
Java, idle_nbody.java-4_50000000, -1, 15.770202636718750000, 0.951232910156250000, 0.097167968750000000, 10.281982421875000000, 10002, 36.0, 90544
Java, nbody.java-4_50000000, -1, 1344.408142089843750000, 1190.464599609375000000, 0.215148925781250000, 82.442199707031250000, 81522.9, 38.8, 90544
Java, nbody.java-4_50000000, -1, 1355.166625976562500000, 1198.258789062500000000, 0.188232421875000000, 82.441650390625000000, 81523.1, 38.0, 90544
Java, nbody.java-4_50000000, -1, 1381.265502929687500000, 1225.444824218750000000, 0.191284179687500000, 82.529846191406250000, 81571.7, 38.2, 90544
Java, nbody.java-4_50000000, -1, 1340.253906250000000000, 1186.487182617187500000, 0.202148437500000000, 82.598571777343750000, 81620.1, 37.5, 90544
Java, nbody.java-4_50000000, -1, 1341.781860351562500000, 1187.983886718750000000, 0.192871093750000000, 82.469543457031250000, 81505.9, 37.5, 90544
Java, nbody.java-4_50000000, -1, 1345.198120117187500000, 1190.842773437500000000, 0.197265625000000000, 82.619934082031250000, 81645, 38.0, 90544
Java, nbody.java-4_50000000, -1, 1358.519104003906250000, 1201.857543945312500000, 0.190917968750000000, 82.384399414062500000, 81412.5, 38.2, 90544
Java, nbody.java-4_50000000, -1, 1358.300842285156250000, 1201.313781738281250000, 0.196105957031250000, 82.523559570312500000, 81555.8, 37.8, 90544
Java, nbody.java-4_50000000, -1, 1356.467407226562500000, 1203.226928710937500000, 0.207458496093750000, 82.429809570312500000, 81450.8, 37.5, 90544
Java, nbody.java-4_50000000, -1, 1376.587463378906250000, 1220.742980957031250000, 0.197204589843750000, 82.645141601562500000, 81683.5, 37.2, 90544
JavaXComp, idle_nbody.java-4_50000000, -1, 15.110290527343750000, 0.452026367187500000, 0.042541503906250000, 10.144958496093750000, 10002, 36.8, 345384
JavaXComp, idle_nbody.java-4_50000000, -1, 15.763549804687500000, 0.964477539062500000, 0.108215332031250000, 10.258178710937500000, 10002, 34.2, 345384
JavaXComp, idle_nbody.java-4_50000000, -1, 15.151367187500000000, 0.485900878906250000, 0.082824707031250000, 10.159301757812500000, 10002, 34.0, 345384
JavaXComp, idle_nbody.java-4_50000000, -1, 23.383056640625000000, 8.339477539062500000, 0.105957031250000000, 10.330810546875000000, 10001.8, 34.8, 345384
JavaXComp, idle_nbody.java-4_50000000, -1, 15.290100097656250000, 0.621704101562500000, 0.079711914062500000, 10.170532226562500000, 10001.9, 35.8, 345384
JavaXComp, idle_nbody.java-4_50000000, -1, 15.802185058593750000, 1.011840820312500000, 0.104980468750000000, 10.272644042968750000, 10001.9, 35.0, 345384
JavaXComp, idle_nbody.java-4_50000000, -1, 15.194458007812500000, 0.535888671875000000, 0.074951171875000000, 10.161926269531250000, 10002, 35.2, 345384
JavaXComp, idle_nbody.java-4_50000000, -1, 15.719360351562500000, 0.934814453125000000, 0.092102050781250000, 10.269714355468750000, 10002, 35.0, 345384
JavaXComp, idle_nbody.java-4_50000000, -1, 15.182617187500000000, 0.520507812500000000, 0.070129394531250000, 10.166809082031250000, 10001.9, 35.2, 345384
JavaXComp, idle_nbody.java-4_50000000, -1, 15.743652343750000000, 0.938415527343750000, 0.100830078125000000, 10.268554687500000000, 10002, 35.2, 345384
JavaXComp, nbody.java-4_50000000, -1, 492.539855957031250000, 435.851684570312500000, 0.212890625000000000, 33.923767089843750000, 29295.3, 39.0, 345384
JavaXComp, nbody.java-4_50000000, -1, 488.639648437500000000, 432.341125488281250000, 0.208984375000000000, 33.840209960937500000, 29202.7, 38.5, 345384
JavaXComp, nbody.java-4_50000000, -1, 489.199401855468750000, 432.374206542968750000, 0.189270019531250000, 33.857543945312500000, 29220.5, 38.5, 345384
JavaXComp, nbody.java-4_50000000, -1, 487.517333984375000000, 430.716857910156250000, 0.188720703125000000, 34.101745605468750000, 29525.8, 38.5, 345384
JavaXComp, nbody.java-4_50000000, -1, 486.313110351562500000, 429.253234863281250000, 0.181884765625000000, 34.052673339843750000, 29521.5, 38.0, 345384
JavaXComp, nbody.java-4_50000000, -1, 488.073181152343750000, 430.749755859375000000, 0.202697753906250000, 34.238952636718750000, 29577.3, 37.8, 345384
JavaXComp, nbody.java-4_50000000, -1, 486.335571289062500000, 429.463134765625000000, 0.234191894531250000, 34.011108398437500000, 29385, 37.8, 345384
JavaXComp, nbody.java-4_50000000, -1, 488.649291992187500000, 431.220642089843750000, 0.236267089843750000, 34.257995605468750000, 29661.7, 38.0, 345384
JavaXComp, nbody.java-4_50000000, -1, 486.557556152343750000, 429.911499023437500000, 0.191650390625000000, 33.679443359375000000, 29091.9, 38.2, 345384
JavaXComp, nbody.java-4_50000000, -1, 487.131652832031250000, 429.736572265625000000, 0.188110351562500000, 34.210449218750000000, 29617.4, 38.0, 345384
Java_JIT, idle_fannkuchredux_12, -1, 15.924133300781250000, 0.870300292968750000, 0.112854003906250000, 10.261718750000000000, 10002.1, 42.5, 133204
Java_JIT, idle_fannkuchredux_12, -1, 15.486145019531250000, 0.580505371093750000, 0.075073242187500000, 10.156738281250000000, 10001.9, 39.8, 133204
Java_JIT, idle_fannkuchredux_12, -1, 15.957885742187500000, 1.024963378906250000, 0.098876953125000000, 10.260986328125000000, 10001.9, 38.2, 133204
Java_JIT, idle_fannkuchredux_12, -1, 15.247619628906250000, 0.463562011718750000, 0.077331542968750000, 10.174804687500000000, 10001.9, 37.8, 133204
Java_JIT, idle_fannkuchredux_12, -1, 15.902282714843750000, 1.007202148437500000, 0.101013183593750000, 10.271606445312500000, 10002, 37.2, 133204
Java_JIT, idle_fannkuchredux_12, -1, 15.273498535156250000, 0.515808105468750000, 0.061584472656250000, 10.168518066406250000, 10001.8, 37.2, 133204
Java_JIT, idle_fannkuchredux_12, -1, 15.811279296875000000, 0.887573242187500000, 0.097106933593750000, 10.277893066406250000, 10001.9, 37.8, 133204
Java_JIT, idle_fannkuchredux_12, -1, 15.231567382812500000, 0.448608398437500000, 0.078613281250000000, 10.162353515625000000, 10001.7, 38.2, 133204
Java_JIT, idle_fannkuchredux_12, -1, 15.831298828125000000, 0.915588378906250000, 0.095947265625000000, 10.264953613281250000, 10001.9, 38.0, 133204
Java_JIT, idle_fannkuchredux_12, -1, 15.272521972656250000, 0.471923828125000000, 0.080566406250000000, 10.162963867187500000, 10002, 38.0, 133204
Java_JIT, fannkuchredux_12, -1, 281.181518554687500000, 266.191528320312500000, 0.112609863281250000, 8.095092773437500000, 7483.37, 42.5, 133204
Java_JIT, fannkuchredux_12, -1, 278.823730468750000000, 263.892395019531250000, 0.129028320312500000, 8.089965820312500000, 7463.02, 42.5, 133204
Java_JIT, fannkuchredux_12, -1, 278.494812011718750000, 263.669067382812500000, 0.120178222656250000, 8.008789062500000000, 7421.19, 42.5, 133204
Java_JIT, fannkuchredux_12, -1, 285.024291992187500000, 269.802124023437500000, 0.131896972656250000, 8.270507812500000000, 7616.38, 42.2, 133204
Java_JIT, fannkuchredux_12, -1, 283.686584472656250000, 268.478149414062500000, 0.131652832031250000, 8.184936523437500000, 7598.02, 42.5, 133204
Java_JIT, fannkuchredux_12, -1, 279.139709472656250000, 264.125793457031250000, 0.135864257812500000, 8.181884765625000000, 7486.66, 42.5, 133204
Java_JIT, fannkuchredux_12, -1, 284.321105957031250000, 269.084411621093750000, 0.097595214843750000, 8.263854980468750000, 7558.79, 42.5, 133204
Java_JIT, fannkuchredux_12, -1, 278.257568359375000000, 263.294921875000000000, 0.142333984375000000, 8.162780761718750000, 7452.06, 42.5, 133204
Java_JIT, fannkuchredux_12, -1, 286.711120605468750000, 271.438537597656250000, 0.135559082031250000, 8.202209472656250000, 7622.25, 42.5, 133204
Java_JIT, fannkuchredux_12, -1, 279.410766601562500000, 264.400451660156250000, 0.128967285156250000, 8.186828613281250000, 7482.2, 42.5, 133204
Java, idle_fannkuchredux_12, -1, 16.061462402343750000, 0.973022460937500000, 0.122253417968750000, 10.266174316406250000, 10002.2, 42.0, 91056
Java, idle_fannkuchredux_12, -1, 15.964172363281250000, 0.924804687500000000, 0.116027832031250000, 10.274841308593750000, 10001.8, 41.0, 91056
Java, idle_fannkuchredux_12, -1, 15.272705078125000000, 0.427124023437500000, 0.083007812500000000, 10.166931152343750000, 10001.9, 39.5, 91056
Java, idle_fannkuchredux_12, -1, 16.127624511718750000, 1.082519531250000000, 0.098876953125000000, 10.294555664062500000, 10001.9, 38.8, 91056
Java, idle_fannkuchredux_12, -1, 15.251464843750000000, 0.450561523437500000, 0.071228027343750000, 10.170288085937500000, 10001.8, 38.0, 91056
Java, idle_fannkuchredux_12, -1, 17.216430664062500000, 2.188903808593750000, 0.128601074218750000, 10.314453125000000000, 10002, 37.5, 91056
Java, idle_fannkuchredux_12, -1, 15.385925292968750000, 0.581848144531250000, 0.083862304687500000, 10.164123535156250000, 10001.8, 38.0, 91056
Java, idle_fannkuchredux_12, -1, 15.848388671875000000, 0.895385742187500000, 0.110900878906250000, 10.264587402343750000, 10002.2, 38.2, 91056
Java, idle_fannkuchredux_12, -1, 15.328979492187500000, 0.515319824218750000, 0.081115722656250000, 10.159912109375000000, 10001.8, 38.8, 91056
Java, idle_fannkuchredux_12, -1, 15.921325683593750000, 0.952880859375000000, 0.114746093750000000, 10.267211914062500000, 10002, 38.5, 91056
Java, fannkuchredux_12, -1, 2867.622985839843750000, 2711.429870605468750000, 0.158447265625000000, 79.335205078125000000, 78262.4, 42.5, 91056
Java, fannkuchredux_12, -1, 2918.229309082031250000, 2759.764282226562500000, 0.161376953125000000, 80.445312500000000000, 79348.2, 42.0, 91056
Java, fannkuchredux_12, -1, 2857.742919921875000000, 2701.250000000000000000, 0.146911621093750000, 79.442810058593750000, 78366.4, 42.2, 91056
Java, fannkuchredux_12, -1, 2851.950439453125000000, 2695.692199707031250000, 0.135253906250000000, 79.391418457031250000, 78323.9, 42.5, 91056
Java, fannkuchredux_12, -1, 2862.704223632812500000, 2706.184265136718750000, 0.143920898437500000, 79.510803222656250000, 78437.7, 42.5, 91056
Java, fannkuchredux_12, -1, 2854.817443847656250000, 2698.587158203125000000, 0.139038085937500000, 79.364624023437500000, 78296.2, 42.5, 91056
Java, fannkuchredux_12, -1, 2858.909057617187500000, 2702.636962890625000000, 0.138732910156250000, 79.357788085937500000, 78289.7, 42.5, 91056
Java, fannkuchredux_12, -1, 2854.815856933593750000, 2698.309936523437500000, 0.153564453125000000, 79.479553222656250000, 78406.1, 42.5, 91056
Java, fannkuchredux_12, -1, 2871.431701660156250000, 2714.665283203125000000, 0.158203125000000000, 79.606079101562500000, 78521.1, 42.0, 91056
Java, fannkuchredux_12, -1, 2861.630187988281250000, 2705.261474609375000000, 0.144714355468750000, 79.407775878906250000, 78342.2, 42.2, 91056
JavaXComp, idle_fannkuchredux_12, -1, 15.993225097656250000, 0.945922851562500000, 0.111450195312500000, 10.261962890625000000, 10002.1, 41.5, 203948
JavaXComp, idle_fannkuchredux_12, -1, 15.494445800781250000, 0.590881347656250000, 0.068908691406250000, 10.158142089843750000, 10001.9, 40.0, 203948
JavaXComp, idle_fannkuchredux_12, -1, 15.934875488281250000, 0.974792480468750000, 0.103576660156250000, 10.273498535156250000, 10002.1, 38.8, 203948
JavaXComp, idle_fannkuchredux_12, -1, 15.270935058593750000, 0.461059570312500000, 0.083862304687500000, 10.173217773437500000, 10001.9, 38.2, 203948
JavaXComp, idle_fannkuchredux_12, -1, 15.962890625000000000, 1.060058593750000000, 0.081909179687500000, 10.272460937500000000, 10002, 38.0, 203948
JavaXComp, idle_fannkuchredux_12, -1, 15.241760253906250000, 0.453857421875000000, 0.080322265625000000, 10.160766601562500000, 10001.8, 37.2, 203948
JavaXComp, idle_fannkuchredux_12, -1, 15.983337402343750000, 1.014465332031250000, 0.115478515625000000, 10.267456054687500000, 10002, 38.2, 203948
JavaXComp, idle_fannkuchredux_12, -1, 15.217407226562500000, 0.424804687500000000, 0.076721191406250000, 10.158081054687500000, 10001.9, 38.0, 203948
JavaXComp, idle_fannkuchredux_12, -1, 15.902770996093750000, 0.961425781250000000, 0.103759765625000000, 10.267395019531250000, 10002, 39.0, 203948
JavaXComp, idle_fannkuchredux_12, -1, 15.298461914062500000, 0.492370605468750000, 0.076843261718750000, 10.169372558593750000, 10002, 38.8, 203948
JavaXComp, fannkuchredux_12, -1, 664.729248046875000000, 606.295898437500000000, 0.137878417968750000, 33.877136230468750000, 29975.3, 42.5, 203948
JavaXComp, fannkuchredux_12, -1, 668.496704101562500000, 609.302490234375000000, 0.159729003906250000, 34.254577636718750000, 30367.1, 42.5, 203948
JavaXComp, fannkuchredux_12, -1, 660.998107910156250000, 602.262695312500000000, 0.164245605468750000, 34.033752441406250000, 30053.1, 42.5, 203948
JavaXComp, fannkuchredux_12, -1, 666.470336914062500000, 607.338012695312500000, 0.168334960937500000, 34.258789062500000000, 30253.1, 42.5, 203948
JavaXComp, fannkuchredux_12, -1, 665.189331054687500000, 606.683044433593750000, 0.156677246093750000, 33.923889160156250000, 29943.9, 41.5, 203948
JavaXComp, fannkuchredux_12, -1, 668.487060546875000000, 609.113403320312500000, 0.156860351562500000, 34.356567382812500000, 30386.5, 41.8, 203948
JavaXComp, fannkuchredux_12, -1, 659.487243652343750000, 600.376281738281250000, 0.157897949218750000, 34.292419433593750000, 30370.8, 42.0, 203948
JavaXComp, fannkuchredux_12, -1, 666.783203125000000000, 607.380310058593750000, 0.169067382812500000, 34.402465820312500000, 30446.2, 42.2, 203948
JavaXComp, fannkuchredux_12, -1, 668.495361328125000000, 609.844543457031250000, 0.154602050781250000, 34.017639160156250000, 30005.6, 42.2, 203948
JavaXComp, fannkuchredux_12, -1, 659.170227050781250000, 600.408569335937500000, 0.168334960937500000, 34.050537109375000000, 30024.9, 42.5, 203948
Java_JIT, idle_mandelbrot.java-2_16000, -1, 15.784667968750000000, 0.895507812500000000, 0.085021972656250000, 10.255249023437500000, 10001.9, 39.8, 135996
Java_JIT, idle_mandelbrot.java-2_16000, -1, 15.397033691406250000, 0.657775878906250000, 0.073120117187500000, 10.170776367187500000, 10001.8, 37.0, 135996
Java_JIT, idle_mandelbrot.java-2_16000, -1, 15.970703125000000000, 1.121643066406250000, 0.117065429687500000, 10.263549804687500000, 10002.1, 36.0, 135996
Java_JIT, idle_mandelbrot.java-2_16000, -1, 15.173828125000000000, 0.492309570312500000, 0.075805664062500000, 10.160156250000000000, 10001.8, 36.2, 135996
Java_JIT, idle_mandelbrot.java-2_16000, -1, 15.688537597656250000, 0.879638671875000000, 0.098754882812500000, 10.263183593750000000, 10002.1, 35.8, 135996
Java_JIT, idle_mandelbrot.java-2_16000, -1, 15.148559570312500000, 0.463378906250000000, 0.075500488281250000, 10.163452148437500000, 10001.8, 36.2, 135996
Java_JIT, idle_mandelbrot.java-2_16000, -1, 15.900329589843750000, 1.085510253906250000, 0.099975585937500000, 10.266479492187500000, 10002, 36.2, 135996
Java_JIT, idle_mandelbrot.java-2_16000, -1, 15.211303710937500000, 0.512023925781250000, 0.078430175781250000, 10.172058105468750000, 10001.6, 36.0, 135996
Java_JIT, idle_mandelbrot.java-2_16000, -1, 15.936828613281250000, 1.088562011718750000, 0.111389160156250000, 10.282409667968750000, 10001.8, 36.0, 135996
Java_JIT, idle_mandelbrot.java-2_16000, -1, 15.136352539062500000, 0.455078125000000000, 0.082885742187500000, 10.158264160156250000, 10001.8, 36.0, 135996
Java_JIT, mandelbrot.java-2_16000, -1, 123.628601074218750000, 114.078918457031250000, 1.348388671875000000, 5.309265136718750000, 4109.97, 38.5, 135996
Java_JIT, mandelbrot.java-2_16000, -1, 125.183898925781250000, 115.145690917968750000, 1.675354003906250000, 5.348388671875000000, 4172.47, 40.0, 135996
Java_JIT, mandelbrot.java-2_16000, -1, 118.576904296875000000, 108.935546875000000000, 1.480346679687500000, 5.222473144531250000, 4047.78, 41.5, 135996
Java_JIT, mandelbrot.java-2_16000, -1, 119.835205078125000000, 109.834167480468750000, 1.727294921875000000, 5.314575195312500000, 4086.64, 42.0, 135996
Java_JIT, mandelbrot.java-2_16000, -1, 118.998840332031250000, 109.208801269531250000, 1.530029296875000000, 5.267211914062500000, 4074.86, 42.2, 135996
Java_JIT, mandelbrot.java-2_16000, -1, 125.461059570312500000, 115.369750976562500000, 1.680541992187500000, 5.362243652343750000, 4155.59, 42.0, 135996
Java_JIT, mandelbrot.java-2_16000, -1, 120.184875488281250000, 110.460876464843750000, 1.484619140625000000, 5.303710937500000000, 4058.47, 42.0, 135996
Java_JIT, mandelbrot.java-2_16000, -1, 126.184997558593750000, 116.263732910156250000, 1.463256835937500000, 5.421325683593750000, 4164.43, 42.0, 135996
Java_JIT, mandelbrot.java-2_16000, -1, 123.022521972656250000, 113.455932617187500000, 1.316223144531250000, 5.190246582031250000, 4086.48, 42.0, 135996
Java_JIT, mandelbrot.java-2_16000, -1, 123.770568847656250000, 113.872192382812500000, 1.578979492187500000, 5.246398925781250000, 4111.87, 42.5, 135996
Java, idle_mandelbrot.java-2_16000, -1, 16.046813964843750000, 0.945983886718750000, 0.124755859375000000, 10.271728515625000000, 10002.1, 42.0, 108772
Java, idle_mandelbrot.java-2_16000, -1, 15.560363769531250000, 0.638671875000000000, 0.077941894531250000, 10.163696289062500000, 10001.6, 40.0, 108772
Java, idle_mandelbrot.java-2_16000, -1, 16.009826660156250000, 1.057495117187500000, 0.100036621093750000, 10.267517089843750000, 10001.8, 38.2, 108772
Java, idle_mandelbrot.java-2_16000, -1, 15.327087402343750000, 0.543579101562500000, 0.081298828125000000, 10.162475585937500000, 10001.9, 37.8, 108772
Java, idle_mandelbrot.java-2_16000, -1, 15.866271972656250000, 0.971679687500000000, 0.097106933593750000, 10.271362304687500000, 10001.9, 36.8, 108772
Java, idle_mandelbrot.java-2_16000, -1, 15.237854003906250000, 0.477783203125000000, 0.073059082031250000, 10.164062500000000000, 10001.9, 37.0, 108772
Java, idle_mandelbrot.java-2_16000, -1, 15.881469726562500000, 0.955688476562500000, 0.114562988281250000, 10.267578125000000000, 10002, 37.8, 108772
Java, idle_mandelbrot.java-2_16000, -1, 15.290710449218750000, 0.510498046875000000, 0.077209472656250000, 10.170227050781250000, 10002, 37.8, 108772
Java, idle_mandelbrot.java-2_16000, -1, 16.252441406250000000, 1.302185058593750000, 0.114562988281250000, 10.280517578125000000, 10001.9, 38.2, 108772
Java, idle_mandelbrot.java-2_16000, -1, 15.301147460937500000, 0.532897949218750000, 0.072937011718750000, 10.162170410156250000, 10002, 37.8, 108772
Java, mandelbrot.java-2_16000, -1, 2478.087524414062500000, 2341.603637695312500000, 1.741699218750000000, 69.129211425781250000, 67460.4, 42.5, 108772
Java, mandelbrot.java-2_16000, -1, 2488.024658203125000000, 2350.921630859375000000, 1.617126464843750000, 69.461730957031250000, 67828.8, 42.2, 108772
Java, mandelbrot.java-2_16000, -1, 2486.077819824218750000, 2348.932556152343750000, 1.527709960937500000, 69.567565917968750000, 67893.9, 42.5, 108772
Java, mandelbrot.java-2_16000, -1, 2487.430236816406250000, 2350.201721191406250000, 1.487182617187500000, 69.534973144531250000, 67938.8, 42.0, 108772
Java, mandelbrot.java-2_16000, -1, 2487.834045410156250000, 2350.420654296875000000, 1.588195800781250000, 69.593688964843750000, 67980.7, 42.2, 108772
Java, mandelbrot.java-2_16000, -1, 2482.212402343750000000, 2344.804138183593750000, 1.822692871093750000, 69.485534667968750000, 67851.1, 42.0, 108772
Java, mandelbrot.java-2_16000, -1, 2484.979492187500000000, 2347.391967773437500000, 1.498229980468750000, 69.708557128906250000, 68083.3, 42.5, 108772
Java, mandelbrot.java-2_16000, -1, 2506.549316406250000000, 2367.610290527343750000, 1.609802246093750000, 70.370483398437500000, 68714.4, 42.2, 108772
Java, mandelbrot.java-2_16000, -1, 2476.046386718750000000, 2338.833740234375000000, 1.483581542968750000, 69.475341796875000000, 67911.5, 42.2, 108772
Java, mandelbrot.java-2_16000, -1, 2472.378906250000000000, 2334.997985839843750000, 1.585876464843750000, 69.555480957031250000, 67949, 42.5, 108772
JavaXComp, idle_mandelbrot.java-2_16000, -1, 15.989624023437500000, 0.911071777343750000, 0.127502441406250000, 10.262878417968750000, 10001.9, 41.2, 239328
JavaXComp, idle_mandelbrot.java-2_16000, -1, 15.662841796875000000, 0.731262207031250000, 0.071166992187500000, 10.163452148437500000, 10002, 40.2, 239328
JavaXComp, idle_mandelbrot.java-2_16000, -1, 15.972167968750000000, 0.980834960937500000, 0.096801757812500000, 10.275146484375000000, 10002, 38.8, 239328
JavaXComp, idle_mandelbrot.java-2_16000, -1, 15.281982421875000000, 0.478393554687500000, 0.069152832031250000, 10.162902832031250000, 10001.9, 38.5, 239328
JavaXComp, idle_mandelbrot.java-2_16000, -1, 15.938415527343750000, 0.979553222656250000, 0.121582031250000000, 10.281921386718750000, 10002, 38.0, 239328
JavaXComp, idle_mandelbrot.java-2_16000, -1, 15.410339355468750000, 0.599365234375000000, 0.078613281250000000, 10.167541503906250000, 10002, 38.0, 239328
JavaXComp, idle_mandelbrot.java-2_16000, -1, 16.003784179687500000, 1.016845703125000000, 0.127929687500000000, 10.288452148437500000, 10002.4, 37.8, 239328
JavaXComp, idle_mandelbrot.java-2_16000, -1, 15.548400878906250000, 0.728820800781250000, 0.071899414062500000, 10.170654296875000000, 10002, 38.8, 239328
JavaXComp, idle_mandelbrot.java-2_16000, -1, 15.905212402343750000, 0.954589843750000000, 0.108459472656250000, 10.267028808593750000, 10002, 38.5, 239328
JavaXComp, idle_mandelbrot.java-2_16000, -1, 15.295959472656250000, 0.486267089843750000, 0.071166992187500000, 10.162109375000000000, 10002, 39.0, 239328
JavaXComp, mandelbrot.java-2_16000, -1, 503.447753906250000000, 449.027648925781250000, 1.707580566406250000, 31.474670410156250000, 26813.8, 42.5, 239328
JavaXComp, mandelbrot.java-2_16000, -1, 492.480224609375000000, 438.671081542968750000, 1.564147949218750000, 31.258850097656250000, 26576.3, 41.8, 239328
JavaXComp, mandelbrot.java-2_16000, -1, 501.516601562500000000, 447.539794921875000000, 1.659851074218750000, 31.508544921875000000, 26786.6, 41.5, 239328
JavaXComp, mandelbrot.java-2_16000, -1, 498.647094726562500000, 444.394348144531250000, 1.635681152343750000, 31.565612792968750000, 26878.4, 41.8, 239328
JavaXComp, mandelbrot.java-2_16000, -1, 494.741149902343750000, 441.125427246093750000, 1.655273437500000000, 31.225646972656250000, 26541.1, 41.2, 239328
JavaXComp, mandelbrot.java-2_16000, -1, 496.687805175781250000, 442.617126464843750000, 1.606933593750000000, 31.669677734375000000, 26972.6, 41.8, 239328
JavaXComp, mandelbrot.java-2_16000, -1, 491.668457031250000000, 438.374389648437500000, 1.580383300781250000, 31.271972656250000000, 26591.2, 41.0, 239328
JavaXComp, mandelbrot.java-2_16000, -1, 495.010314941406250000, 441.137573242187500000, 1.515686035156250000, 31.445495605468750000, 26854.7, 41.2, 239328
JavaXComp, mandelbrot.java-2_16000, -1, 502.867187500000000000, 448.682617187500000000, 1.581176757812500000, 31.573547363281250000, 26942.4, 42.0, 239328
JavaXComp, mandelbrot.java-2_16000, -1, 496.015747070312500000, 442.310974121093750000, 1.515502929687500000, 31.211364746093750000, 26621, 41.2, 239328
Java_JIT, idle_binarytrees.java-7_21, -1, 15.840148925781250000, 1.061828613281250000, 0.086486816406250000, 10.090270996093750000, 10001.9, 40.8, 2658916
Java_JIT, idle_binarytrees.java-7_21, -1, 15.200439453125000000, 0.577453613281250000, 0.075744628906250000, 9.989440917968750000, 10001.9, 37.8, 2658916
Java_JIT, idle_binarytrees.java-7_21, -1, 15.699157714843750000, 0.967468261718750000, 0.109130859375000000, 10.090637207031250000, 10002, 37.2, 2658916
Java_JIT, idle_binarytrees.java-7_21, -1, 15.083129882812500000, 0.516967773437500000, 0.086303710937500000, 9.991699218750000000, 10001.9, 37.2, 2658916
Java_JIT, idle_binarytrees.java-7_21, -1, 15.777648925781250000, 1.057250976562500000, 0.105895996093750000, 10.104003906250000000, 10002.1, 36.8, 2658916
Java_JIT, idle_binarytrees.java-7_21, -1, 15.068298339843750000, 0.492126464843750000, 0.071105957031250000, 9.990783691406250000, 10002, 37.2, 2658916
Java_JIT, idle_binarytrees.java-7_21, -1, 15.821777343750000000, 1.073120117187500000, 0.109375000000000000, 10.106567382812500000, 10001.8, 37.5, 2658916
Java_JIT, idle_binarytrees.java-7_21, -1, 15.014282226562500000, 0.444580078125000000, 0.077514648437500000, 9.989013671875000000, 10001.8, 37.2, 2658916
Java_JIT, idle_binarytrees.java-7_21, -1, 15.699890136718750000, 0.970642089843750000, 0.113403320312500000, 10.105895996093750000, 10002, 37.2, 2658916
Java_JIT, idle_binarytrees.java-7_21, -1, 15.091125488281250000, 0.503295898437500000, 0.077331542968750000, 10.000000000000000000, 10002, 37.5, 2658916
Java_JIT, binarytrees.java-7_21, -1, 83.797851562500000000, 76.621582031250000000, 0.190124511718750000, 7.661071777343750000, 2507.38, 39.5, 2658916
Java_JIT, binarytrees.java-7_21, -1, 83.426086425781250000, 76.322448730468750000, 0.189453125000000000, 7.564453125000000000, 2463.93, 40.5, 2658916
Java_JIT, binarytrees.java-7_21, -1, 87.444213867187500000, 79.914733886718750000, 0.238952636718750000, 7.854980468750000000, 2636.61, 42.0, 2658916
Java_JIT, binarytrees.java-7_21, -1, 83.485534667968750000, 76.286315917968750000, 0.220336914062500000, 7.552062988281250000, 2487.97, 41.8, 2658916
Java_JIT, binarytrees.java-7_21, -1, 85.388244628906250000, 78.053161621093750000, 0.207153320312500000, 7.734313964843750000, 2533.75, 42.5, 2658916
Java_JIT, binarytrees.java-7_21, -1, 84.398437500000000000, 77.181274414062500000, 0.190063476562500000, 7.654479980468750000, 2496.94, 42.5, 2658916
Java_JIT, binarytrees.java-7_21, -1, 82.411010742187500000, 75.226379394531250000, 0.222106933593750000, 7.551696777343750000, 2486.3, 42.2, 2658916
Java_JIT, binarytrees.java-7_21, -1, 83.957214355468750000, 76.659790039062500000, 0.224731445312500000, 7.680541992187500000, 2514.3, 42.5, 2658916
Java_JIT, binarytrees.java-7_21, -1, 85.367919921875000000, 77.990539550781250000, 0.223999023437500000, 7.746398925781250000, 2553.22, 42.0, 2658916
Java_JIT, binarytrees.java-7_21, -1, 85.096618652343750000, 77.798828125000000000, 0.215881347656250000, 7.720764160156250000, 2509.36, 42.2, 2658916
Java, idle_binarytrees.java-7_21, -1, 15.151733398437500000, 0.514038085937500000, 0.046752929687500000, 9.974731445312500000, 10001.8, 41.8, 1695784
Java, idle_binarytrees.java-7_21, -1, 15.934448242187500000, 1.073181152343750000, 0.106811523437500000, 10.097473144531250000, 10002.3, 39.5, 1695784
Java, idle_binarytrees.java-7_21, -1, 15.011108398437500000, 0.430847167968750000, 0.067932128906250000, 9.980407714843750000, 10001.9, 37.8, 1695784
Java, idle_binarytrees.java-7_21, -1, 15.756408691406250000, 0.990844726562500000, 0.128356933593750000, 10.111083984375000000, 10001.9, 37.2, 1695784
Java, idle_binarytrees.java-7_21, -1, 15.122253417968750000, 0.560180664062500000, 0.073242187500000000, 9.989501953125000000, 10001.9, 36.8, 1695784
Java, idle_binarytrees.java-7_21, -1, 15.639892578125000000, 0.911254882812500000, 0.109558105468750000, 10.109008789062500000, 10002, 37.0, 1695784
Java, idle_binarytrees.java-7_21, -1, 15.151916503906250000, 0.563049316406250000, 0.082824707031250000, 9.990173339843750000, 10001.9, 37.8, 1695784
Java, idle_binarytrees.java-7_21, -1, 15.701965332031250000, 0.949645996093750000, 0.115478515625000000, 10.103149414062500000, 10002.1, 37.8, 1695784
Java, idle_binarytrees.java-7_21, -1, 15.042785644531250000, 0.448303222656250000, 0.076416015625000000, 9.989562988281250000, 10001.9, 37.5, 1695784
Java, idle_binarytrees.java-7_21, -1, 15.913452148437500000, 1.120483398437500000, 0.127136230468750000, 10.115844726562500000, 10001.9, 38.0, 1695784
Java, binarytrees.java-7_21, -1, 629.618835449218750000, 587.492492675781250000, 0.224243164062500000, 29.609313964843750000, 20593.6, 42.5, 1695784
Java, binarytrees.java-7_21, -1, 631.549499511718750000, 589.378112792968750000, 0.219055175781250000, 29.652465820312500000, 20623.3, 42.5, 1695784
Java, binarytrees.java-7_21, -1, 625.786254882812500000, 583.689392089843750000, 0.257385253906250000, 29.599304199218750000, 20577.9, 42.0, 1695784
Java, binarytrees.java-7_21, -1, 631.423583984375000000, 588.990417480468750000, 0.260681152343750000, 29.657165527343750000, 20618.1, 42.5, 1695784
Java, binarytrees.java-7_21, -1, 629.804992675781250000, 587.676635742187500000, 0.226257324218750000, 29.679077148437500000, 20597, 42.5, 1695784
Java, binarytrees.java-7_21, -1, 627.143798828125000000, 584.849243164062500000, 0.240722656250000000, 29.595092773437500000, 20564.1, 42.5, 1695784
Java, binarytrees.java-7_21, -1, 627.736145019531250000, 585.343200683593750000, 0.240295410156250000, 29.628295898437500000, 20573.1, 42.2, 1695784
Java, binarytrees.java-7_21, -1, 624.418762207031250000, 582.325744628906250000, 0.223754882812500000, 29.626403808593750000, 20587.6, 42.5, 1695784
Java, binarytrees.java-7_21, -1, 629.362915039062500000, 586.987854003906250000, 0.245056152343750000, 29.686645507812500000, 20588.6, 42.5, 1695784
Java, binarytrees.java-7_21, -1, 628.160888671875000000, 585.986022949218750000, 0.254150390625000000, 29.609252929687500000, 20572, 42.0, 1695784
JavaXComp, idle_binarytrees.java-7_21, -1, 15.205688476562500000, 0.527160644531250000, 0.049926757812500000, 9.971557617187500000, 10001.8, 40.2, 2599040
JavaXComp, idle_binarytrees.java-7_21, -1, 15.937500000000000000, 1.170837402343750000, 0.102844238281250000, 10.104125976562500000, 10002.3, 38.2, 2599040
JavaXComp, idle_binarytrees.java-7_21, -1, 15.128906250000000000, 0.547912597656250000, 0.077636718750000000, 9.984497070312500000, 10001.9, 37.8, 2599040
JavaXComp, idle_binarytrees.java-7_21, -1, 15.733276367187500000, 0.993041992187500000, 0.120971679687500000, 10.107604980468750000, 10002.3, 37.0, 2599040
JavaXComp, idle_binarytrees.java-7_21, -1, 15.176086425781250000, 0.600280761718750000, 0.067443847656250000, 9.995605468750000000, 10001.9, 37.2, 2599040
JavaXComp, idle_binarytrees.java-7_21, -1, 15.712768554687500000, 0.953674316406250000, 0.118591308593750000, 10.107055664062500000, 10001.9, 37.2, 2599040
JavaXComp, idle_binarytrees.java-7_21, -1, 14.985229492187500000, 0.410705566406250000, 0.064147949218750000, 9.990295410156250000, 10001.9, 37.8, 2599040
JavaXComp, idle_binarytrees.java-7_21, -1, 15.679565429687500000, 0.936401367187500000, 0.103820800781250000, 10.111816406250000000, 10002, 37.8, 2599040
JavaXComp, idle_binarytrees.java-7_21, -1, 15.149597167968750000, 0.543273925781250000, 0.067260742187500000, 9.990234375000000000, 10002.1, 37.5, 2599040
JavaXComp, idle_binarytrees.java-7_21, -1, 15.733886718750000000, 0.981140136718750000, 0.103027343750000000, 10.110412597656250000, 10001.8, 38.2, 2599040
JavaXComp, binarytrees.java-7_21, -1, 482.097595214843750000, 429.361633300781250000, 0.259460449218750000, 34.685974121093750000, 25933, 42.5, 2599040
JavaXComp, binarytrees.java-7_21, -1, 490.722656250000000000, 436.869934082031250000, 0.189392089843750000, 35.697509765625000000, 26569.1, 41.8, 2599040
JavaXComp, binarytrees.java-7_21, -1, 485.441101074218750000, 432.581359863281250000, 0.242370605468750000, 35.044677734375000000, 25950.1, 41.2, 2599040
JavaXComp, binarytrees.java-7_21, -1, 487.725219726562500000, 434.119567871093750000, 0.247253417968750000, 35.641235351562500000, 26442.3, 42.0, 2599040
JavaXComp, binarytrees.java-7_21, -1, 476.776611328125000000, 423.258972167968750000, 0.242065429687500000, 35.178466796875000000, 26455.7, 41.5, 2599040
JavaXComp, binarytrees.java-7_21, -1, 488.484497070312500000, 435.440673828125000000, 0.246643066406250000, 35.319213867187500000, 26144.6, 41.5, 2599040
JavaXComp, binarytrees.java-7_21, -1, 480.017517089843750000, 426.635131835937500000, 0.253906250000000000, 35.053405761718750000, 26282.5, 41.8, 2599040
JavaXComp, binarytrees.java-7_21, -1, 491.089721679687500000, 436.634948730468750000, 0.243896484375000000, 35.861145019531250000, 26828, 41.2, 2599040
JavaXComp, binarytrees.java-7_21, -1, 476.705566406250000000, 423.389770507812500000, 0.248657226562500000, 35.069580078125000000, 26330.1, 41.2, 2599040
JavaXComp, binarytrees.java-7_21, -1, 483.087585449218750000, 429.104919433593750000, 0.248474121093750000, 35.407165527343750000, 26441.6, 41.8, 2599040
Java_JIT, idle_pidigits.java-3_10000, -1, 15.743103027343750000, 0.991943359375000000, 0.074645996093750000, 10.088562011718750000, 10002, 40.0, 650388
Java_JIT, idle_pidigits.java-3_10000, -1, 15.145080566406250000, 0.543395996093750000, 0.081115722656250000, 9.993041992187500000, 10001.9, 37.5, 650388
Java_JIT, idle_pidigits.java-3_10000, -1, 15.707214355468750000, 0.977355957031250000, 0.124877929687500000, 10.098510742187500000, 10002.2, 37.0, 650388
Java_JIT, idle_pidigits.java-3_10000, -1, 15.108398437500000000, 0.547729492187500000, 0.074523925781250000, 9.995727539062500000, 10002, 36.2, 650388
Java_JIT, idle_pidigits.java-3_10000, -1, 15.940429687500000000, 1.208740234375000000, 0.108154296875000000, 10.110656738281250000, 10002.1, 36.5, 650388
Java_JIT, idle_pidigits.java-3_10000, -1, 15.225158691406250000, 0.645751953125000000, 0.076782226562500000, 9.999328613281250000, 10001.9, 36.8, 650388
Java_JIT, idle_pidigits.java-3_10000, -1, 15.735534667968750000, 0.994567871093750000, 0.105712890625000000, 10.106506347656250000, 10002.2, 36.8, 650388
Java_JIT, idle_pidigits.java-3_10000, -1, 15.086547851562500000, 0.520446777343750000, 0.064758300781250000, 9.994018554687500000, 10002, 37.5, 650388
Java_JIT, idle_pidigits.java-3_10000, -1, 15.683654785156250000, 0.948181152343750000, 0.113891601562500000, 10.101013183593750000, 10002.1, 37.8, 650388
Java_JIT, idle_pidigits.java-3_10000, -1, 16.466979980468750000, 1.819030761718750000, 0.078491210937500000, 10.031677246093750000, 10002, 37.5, 650388
Java_JIT, pidigits.java-3_10000, -1, 149.286254882812500000, 125.165954589843750000, 6.002197265625000000, 16.739379882812500000, 7574.65, 41.2, 650388
Java_JIT, pidigits.java-3_10000, -1, 148.098876953125000000, 124.087097167968750000, 5.895019531250000000, 16.581176757812500000, 7584.78, 40.5, 650388
Java_JIT, pidigits.java-3_10000, -1, 145.332519531250000000, 121.671508789062500000, 5.823913574218750000, 16.296081542968750000, 7391.2, 41.5, 650388
Java_JIT, pidigits.java-3_10000, -1, 148.752746582031250000, 124.691650390625000000, 5.891357421875000000, 16.541931152343750000, 7572.33, 41.8, 650388
Java_JIT, pidigits.java-3_10000, -1, 147.981079101562500000, 123.767456054687500000, 5.932739257812500000, 16.623291015625000000, 7624.31, 41.5, 650388
Java_JIT, pidigits.java-3_10000, -1, 148.116149902343750000, 123.940246582031250000, 5.918273925781250000, 16.647766113281250000, 7619.51, 41.5, 650388
Java_JIT, pidigits.java-3_10000, -1, 143.627929687500000000, 119.770507812500000000, 5.913024902343750000, 16.235534667968750000, 7478.01, 42.0, 650388
Java_JIT, pidigits.java-3_10000, -1, 144.597534179687500000, 121.047058105468750000, 5.751770019531250000, 16.264770507812500000, 7392.11, 42.0, 650388
Java_JIT, pidigits.java-3_10000, -1, 144.865051269531250000, 121.123596191406250000, 5.852905273437500000, 16.361328125000000000, 7440.71, 41.8, 650388
Java_JIT, pidigits.java-3_10000, -1, 146.360717773437500000, 122.463439941406250000, 5.832702636718750000, 16.425842285156250000, 7484.78, 41.8, 650388
Java, idle_pidigits.java-3_10000, -1, 14.965270996093750000, 0.396972656250000000, 0.051086425781250000, 9.971313476562500000, 10001.8, 38.8, 373072
Java, idle_pidigits.java-3_10000, -1, 15.688293457031250000, 0.975036621093750000, 0.106933593750000000, 10.106140136718750000, 10001.9, 36.8, 373072
Java, idle_pidigits.java-3_10000, -1, 15.036926269531250000, 0.504943847656250000, 0.071044921875000000, 9.988525390625000000, 10002, 36.2, 373072
Java, idle_pidigits.java-3_10000, -1, 15.759582519531250000, 1.069946289062500000, 0.115295410156250000, 10.105773925781250000, 10002, 35.8, 373072
Java, idle_pidigits.java-3_10000, -1, 14.973876953125000000, 0.449035644531250000, 0.065185546875000000, 9.987548828125000000, 10001.9, 36.2, 373072
Java, idle_pidigits.java-3_10000, -1, 15.643981933593750000, 0.933837890625000000, 0.107238769531250000, 10.107482910156250000, 10001.9, 36.2, 373072
Java, idle_pidigits.java-3_10000, -1, 15.017578125000000000, 0.488891601562500000, 0.070068359375000000, 9.990478515625000000, 10001.8, 36.8, 373072
Java, idle_pidigits.java-3_10000, -1, 15.654418945312500000, 0.957641601562500000, 0.095764160156250000, 10.108642578125000000, 10001.7, 37.0, 373072
Java, idle_pidigits.java-3_10000, -1, 15.171997070312500000, 0.580932617187500000, 0.086181640625000000, 9.999877929687500000, 10001.9, 37.2, 373072
Java, idle_pidigits.java-3_10000, -1, 15.745727539062500000, 1.050781250000000000, 0.080932617187500000, 10.114990234375000000, 10001.9, 37.2, 373072
Java, pidigits.java-3_10000, -1, 2412.310852050781250000, 2055.310668945312500000, 101.063903808593750000, 180.425659179687500000, 125087, 39.5, 373072
Java, pidigits.java-3_10000, -1, 2429.900878906250000000, 2073.527648925781250000, 98.710693359375000000, 180.682434082031250000, 125236, 40.2, 373072
Java, pidigits.java-3_10000, -1, 2426.314331054687500000, 2071.963134765625000000, 98.105346679687500000, 180.582275390625000000, 125270, 41.0, 373072
Java, pidigits.java-3_10000, -1, 2432.651672363281250000, 2076.136840820312500000, 98.706054687500000000, 180.338928222656250000, 125146, 40.2, 373072
Java, pidigits.java-3_10000, -1, 2427.278686523437500000, 2070.962158203125000000, 99.112243652343750000, 180.669250488281250000, 125265, 40.0, 373072
Java, pidigits.java-3_10000, -1, 2437.050964355468750000, 2082.389343261718750000, 97.494140625000000000, 180.492248535156250000, 125215, 40.8, 373072
Java, pidigits.java-3_10000, -1, 2422.386108398437500000, 2063.153320312500000000, 102.353820800781250000, 180.360656738281250000, 125173, 40.2, 373072
Java, pidigits.java-3_10000, -1, 2437.963317871093750000, 2077.047668457031250000, 103.059326171875000000, 180.506591796875000000, 125371, 40.5, 373072
Java, pidigits.java-3_10000, -1, 2421.978332519531250000, 2067.978393554687500000, 97.089599609375000000, 180.243896484375000000, 124832, 40.0, 373072
Java, pidigits.java-3_10000, -1, 2433.959716796875000000, 2079.841552734375000000, 97.041381835937500000, 180.427062988281250000, 125056, 41.0, 373072
JavaXComp, idle_pidigits.java-3_10000, -1, 15.041076660156250000, 0.477233886718750000, 0.033325195312500000, 9.986083984375000000, 10001.9, 38.2, 664152
JavaXComp, idle_pidigits.java-3_10000, -1, 15.931335449218750000, 1.229309082031250000, 0.101623535156250000, 10.112487792968750000, 10002.2, 36.5, 664152
JavaXComp, idle_pidigits.java-3_10000, -1, 14.952758789062500000, 0.437683105468750000, 0.073181152343750000, 9.981750488281250000, 10001.9, 36.0, 664152
JavaXComp, idle_pidigits.java-3_10000, -1, 15.603698730468750000, 0.934875488281250000, 0.104797363281250000, 10.099304199218750000, 10001.9, 35.5, 664152
JavaXComp, idle_pidigits.java-3_10000, -1, 15.077575683593750000, 0.538513183593750000, 0.068786621093750000, 9.988952636718750000, 10001.8, 36.0, 664152
JavaXComp, idle_pidigits.java-3_10000, -1, 15.567443847656250000, 0.887084960937500000, 0.104675292968750000, 10.102539062500000000, 10002.1, 36.0, 664152
JavaXComp, idle_pidigits.java-3_10000, -1, 15.055603027343750000, 0.510131835937500000, 0.078491210937500000, 9.998291015625000000, 10001.9, 36.5, 664152
JavaXComp, idle_pidigits.java-3_10000, -1, 15.642395019531250000, 0.955200195312500000, 0.103027343750000000, 10.107116699218750000, 10002.1, 36.5, 664152
JavaXComp, idle_pidigits.java-3_10000, -1, 14.985412597656250000, 0.449462890625000000, 0.067687988281250000, 9.989624023437500000, 10001.9, 36.8, 664152
JavaXComp, idle_pidigits.java-3_10000, -1, 15.674255371093750000, 0.969482421875000000, 0.108703613281250000, 10.101257324218750000, 10001.9, 37.0, 664152
JavaXComp, pidigits.java-3_10000, -1, 519.026855468750000000, 452.761779785156250000, 5.537292480468750000, 41.576782226562500000, 29715.6, 40.8, 664152
JavaXComp, pidigits.java-3_10000, -1, 516.486389160156250000, 449.387573242187500000, 5.623474121093750000, 41.743652343750000000, 29906.4, 40.5, 664152
JavaXComp, pidigits.java-3_10000, -1, 512.168151855468750000, 445.885864257812500000, 5.538330078125000000, 41.385314941406250000, 29665.8, 39.8, 664152
JavaXComp, pidigits.java-3_10000, -1, 508.172119140625000000, 442.646484375000000000, 5.507507324218750000, 41.139038085937500000, 29405.6, 40.0, 664152
JavaXComp, pidigits.java-3_10000, -1, 514.803039550781250000, 447.978942871093750000, 5.538513183593750000, 41.699829101562500000, 29998.9, 39.8, 664152
JavaXComp, pidigits.java-3_10000, -1, 510.864990234375000000, 444.820007324218750000, 5.522338867187500000, 41.376220703125000000, 29652.6, 40.8, 664152
JavaXComp, pidigits.java-3_10000, -1, 506.461608886718750000, 441.611511230468750000, 5.398864746093750000, 40.853088378906250000, 29162, 40.5, 664152
JavaXComp, pidigits.java-3_10000, -1, 512.949584960937500000, 446.534423828125000000, 5.491638183593750000, 41.484069824218750000, 29712.9, 40.0, 664152
JavaXComp, pidigits.java-3_10000, -1, 514.782775878906250000, 448.843444824218750000, 5.430664062500000000, 41.432556152343750000, 29702.6, 40.0, 664152
JavaXComp, pidigits.java-3_10000, -1, 505.809753417968750000, 440.318969726562500000, 5.520202636718750000, 41.076049804687500000, 29351.1, 40.5, 664152
Java_JIT, idle_fasta.java-6_25000000, -1, 15.906127929687500000, 1.195068359375000000, 0.085205078125000000, 10.102111816406250000, 10001.9, 37.2, 135948
Java_JIT, idle_fasta.java-6_25000000, -1, 15.083740234375000000, 0.570373535156250000, 0.066223144531250000, 9.992126464843750000, 10002, 35.2, 135948
Java_JIT, idle_fasta.java-6_25000000, -1, 15.636901855468750000, 0.955444335937500000, 0.108825683593750000, 10.118347167968750000, 10001.9, 34.5, 135948
Java_JIT, idle_fasta.java-6_25000000, -1, 15.016052246093750000, 0.506896972656250000, 0.077026367187500000, 9.987365722656250000, 10001.9, 34.8, 135948
Java_JIT, idle_fasta.java-6_25000000, -1, 15.605651855468750000, 0.953186035156250000, 0.091186523437500000, 10.110778808593750000, 10001.8, 35.0, 135948
Java_JIT, idle_fasta.java-6_25000000, -1, 14.982604980468750000, 0.479003906250000000, 0.078674316406250000, 9.993957519531250000, 10001.8, 35.5, 135948
Java_JIT, idle_fasta.java-6_25000000, -1, 15.743469238281250000, 1.076110839843750000, 0.108764648437500000, 10.112915039062500000, 10002, 35.5, 135948
Java_JIT, idle_fasta.java-6_25000000, -1, 14.951660156250000000, 0.438537597656250000, 0.079467773437500000, 9.996215820312500000, 10001.9, 36.0, 135948
Java_JIT, idle_fasta.java-6_25000000, -1, 15.599365234375000000, 0.939941406250000000, 0.109069824218750000, 10.111022949218750000, 10002.1, 36.0, 135948
Java_JIT, idle_fasta.java-6_25000000, -1, 15.036865234375000000, 0.533752441406250000, 0.064758300781250000, 9.996582031250000000, 10001.9, 35.8, 135948
Java_JIT, fasta.java-6_25000000, -1, 347.655273437500000000, 314.837280273437500000, 9.273437500000000000, 18.532409667968750000, 11113.4, 37.5, 135948
Java_JIT, fasta.java-6_25000000, -1, 351.336364746093750000, 318.001831054687500000, 9.514892578125000000, 18.673461914062500000, 11150.8, 42.0, 135948
Java_JIT, fasta.java-6_25000000, -1, 351.362487792968750000, 317.914916992187500000, 9.508422851562500000, 18.731994628906250000, 11206.3, 42.2, 135948
Java_JIT, fasta.java-6_25000000, -1, 351.789794921875000000, 318.267395019531250000, 9.533325195312500000, 18.694580078125000000, 11219.5, 42.5, 135948
Java_JIT, fasta.java-6_25000000, -1, 349.877990722656250000, 316.343750000000000000, 9.646972656250000000, 18.639831542968750000, 11171.8, 42.5, 135948
Java_JIT, fasta.java-6_25000000, -1, 350.050292968750000000, 316.497680664062500000, 9.626220703125000000, 18.710449218750000000, 11189.3, 42.5, 135948
Java_JIT, fasta.java-6_25000000, -1, 349.802001953125000000, 316.270690917968750000, 9.542358398437500000, 18.707519531250000000, 11212.7, 42.2, 135948
Java_JIT, fasta.java-6_25000000, -1, 350.152343750000000000, 316.541259765625000000, 9.620239257812500000, 18.675537109375000000, 11208.8, 42.5, 135948
Java_JIT, fasta.java-6_25000000, -1, 348.360900878906250000, 314.945861816406250000, 9.500610351562500000, 18.685668945312500000, 11186.9, 42.2, 135948
Java_JIT, fasta.java-6_25000000, -1, 349.147583007812500000, 315.587280273437500000, 9.633728027343750000, 18.659179687500000000, 11180.6, 42.5, 135948
Java, idle_fasta.java-6_25000000, -1, 16.098937988281250000, 1.044738769531250000, 0.099304199218750000, 10.259826660156250000, 10001.9, 42.5, 91896
Java, idle_fasta.java-6_25000000, -1, 16.573608398437500000, 1.459716796875000000, 0.105163574218750000, 10.303161621093750000, 10001.9, 39.8, 91896
Java, idle_fasta.java-6_25000000, -1, 15.297424316406250000, 0.457092285156250000, 0.075866699218750000, 10.173828125000000000, 10001.8, 38.8, 91896
Java, idle_fasta.java-6_25000000, -1, 15.957885742187500000, 0.983825683593750000, 0.116088867187500000, 10.284179687500000000, 10001.8, 37.8, 91896
Java, idle_fasta.java-6_25000000, -1, 15.269775390625000000, 0.499938964843750000, 0.070373535156250000, 10.168945312500000000, 10001.9, 37.2, 91896
Java, idle_fasta.java-6_25000000, -1, 15.990478515625000000, 1.067077636718750000, 0.101745605468750000, 10.275268554687500000, 10002, 37.8, 91896
Java, idle_fasta.java-6_25000000, -1, 15.295776367187500000, 0.511840820312500000, 0.074462890625000000, 10.169006347656250000, 10001.8, 37.5, 91896
Java, idle_fasta.java-6_25000000, -1, 16.013793945312500000, 1.082458496093750000, 0.099853515625000000, 10.277587890625000000, 10002, 38.0, 91896
Java, idle_fasta.java-6_25000000, -1, 15.193847656250000000, 0.420715332031250000, 0.076232910156250000, 10.159973144531250000, 10001.7, 37.5, 91896
Java, idle_fasta.java-6_25000000, -1, 15.904602050781250000, 0.962768554687500000, 0.106140136718750000, 10.268493652343750000, 10002, 38.0, 91896
Java, fasta.java-6_25000000, -1, 617.304077148437500000, 559.263549804687500000, 16.908508300781250000, 30.482177734375000000, 19463.4, 41.8, 91896
Java, fasta.java-6_25000000, -1, 614.546203613281250000, 556.333862304687500000, 17.194396972656250000, 30.414245605468750000, 19420.1, 42.5, 91896
Java, fasta.java-6_25000000, -1, 611.427612304687500000, 553.651733398437500000, 16.773742675781250000, 30.371032714843750000, 19388.9, 42.2, 91896
Java, fasta.java-6_25000000, -1, 611.861511230468750000, 553.968017578125000000, 16.832214355468750000, 30.380432128906250000, 19446.5, 42.5, 91896
Java, fasta.java-6_25000000, -1, 609.171691894531250000, 551.527526855468750000, 16.718261718750000000, 30.276794433593750000, 19394.4, 42.2, 91896
Java, fasta.java-6_25000000, -1, 614.558715820312500000, 556.011962890625000000, 17.277221679687500000, 30.492248535156250000, 19523.1, 42.0, 91896
Java, fasta.java-6_25000000, -1, 614.274169921875000000, 556.211059570312500000, 17.030212402343750000, 30.342468261718750000, 19437.2, 42.5, 91896
Java, fasta.java-6_25000000, -1, 634.412170410156250000, 574.164794921875000000, 17.730102539062500000, 31.424316406250000000, 20140, 42.5, 91896
Java, fasta.java-6_25000000, -1, 611.059570312500000000, 553.320007324218750000, 16.806152343750000000, 30.226013183593750000, 19350.5, 42.5, 91896
Java, fasta.java-6_25000000, -1, 613.515930175781250000, 555.631530761718750000, 16.956542968750000000, 30.255249023437500000, 19374.2, 42.5, 91896
JavaXComp, idle_fasta.java-6_25000000, -1, 15.438781738281250000, 0.531677246093750000, 0.043884277343750000, 10.145568847656250000, 10001.8, 41.2, 199004
JavaXComp, idle_fasta.java-6_25000000, -1, 15.994079589843750000, 0.992797851562500000, 0.119445800781250000, 10.268859863281250000, 10002.2, 39.2, 199004
JavaXComp, idle_fasta.java-6_25000000, -1, 15.349853515625000000, 0.532348632812500000, 0.083435058593750000, 10.157287597656250000, 10002, 38.2, 199004
JavaXComp, idle_fasta.java-6_25000000, -1, 15.861816406250000000, 0.930297851562500000, 0.100402832031250000, 10.265502929687500000, 10001.9, 38.0, 199004
JavaXComp, idle_fasta.java-6_25000000, -1, 15.237365722656250000, 0.464050292968750000, 0.066528320312500000, 10.160583496093750000, 10001.8, 37.2, 199004
JavaXComp, idle_fasta.java-6_25000000, -1, 15.819091796875000000, 0.884643554687500000, 0.107788085937500000, 10.281250000000000000, 10001.8, 37.5, 199004
JavaXComp, idle_fasta.java-6_25000000, -1, 15.340820312500000000, 0.550476074218750000, 0.081420898437500000, 10.162170410156250000, 10001.8, 38.0, 199004
JavaXComp, idle_fasta.java-6_25000000, -1, 16.025756835937500000, 1.045715332031250000, 0.115539550781250000, 10.284790039062500000, 10002.1, 38.2, 199004
JavaXComp, idle_fasta.java-6_25000000, -1, 15.336303710937500000, 0.543457031250000000, 0.067810058593750000, 10.163879394531250000, 10002, 38.0, 199004
JavaXComp, idle_fasta.java-6_25000000, -1, 15.860839843750000000, 0.913574218750000000, 0.101928710937500000, 10.273437500000000000, 10001.8, 38.2, 199004
JavaXComp, fasta.java-6_25000000, -1, 767.016540527343750000, 685.206848144531250000, 9.564880371093750000, 47.196289062500000000, 36036.2, 42.0, 199004
JavaXComp, fasta.java-6_25000000, -1, 762.224487304687500000, 679.674987792968750000, 9.675170898437500000, 47.621765136718750000, 36380.1, 42.5, 199004
JavaXComp, fasta.java-6_25000000, -1, 756.194030761718750000, 673.957641601562500000, 9.589904785156250000, 47.577148437500000000, 36388.5, 42.5, 199004
JavaXComp, fasta.java-6_25000000, -1, 764.455017089843750000, 682.864685058593750000, 9.685241699218750000, 47.171691894531250000, 35948.8, 42.2, 199004
JavaXComp, fasta.java-6_25000000, -1, 764.872070312500000000, 682.105407714843750000, 9.405944824218750000, 47.722900390625000000, 36442.1, 42.2, 199004
JavaXComp, fasta.java-6_25000000, -1, 763.891357421875000000, 681.590026855468750000, 9.563781738281250000, 47.662780761718750000, 36384.8, 42.5, 199004
JavaXComp, fasta.java-6_25000000, -1, 760.145324707031250000, 677.684082031250000000, 9.722717285156250000, 47.482910156250000000, 36246.9, 42.2, 199004
JavaXComp, fasta.java-6_25000000, -1, 765.966552734375000000, 683.914978027343750000, 9.464050292968750000, 47.449035644531250000, 36260.6, 42.0, 199004
JavaXComp, fasta.java-6_25000000, -1, 760.131530761718750000, 678.162536621093750000, 9.678039550781250000, 47.159118652343750000, 35942.7, 42.5, 199004
JavaXComp, fasta.java-6_25000000, -1, 763.446105957031250000, 680.598937988281250000, 9.729309082031250000, 47.563293457031250000, 36388.9, 42.5, 199004
Java_JIT, idle_spectralnorm.java-3_5500, -1, 15.240478515625000000, 0.413269042968750000, 0.034606933593750000, 10.148132324218750000, 10001.9, 41.2, 97920
Java_JIT, idle_spectralnorm.java-3_5500, -1, 16.086486816406250000, 1.067871093750000000, 0.135314941406250000, 10.269653320312500000, 10002, 39.0, 97920
Java_JIT, idle_spectralnorm.java-3_5500, -1, 15.373657226562500000, 0.567565917968750000, 0.076599121093750000, 10.157775878906250000, 10001.9, 38.0, 97920
Java_JIT, idle_spectralnorm.java-3_5500, -1, 15.794921875000000000, 0.873291015625000000, 0.106018066406250000, 10.267150878906250000, 10001.9, 37.2, 97920
Java_JIT, idle_spectralnorm.java-3_5500, -1, 15.177551269531250000, 0.442687988281250000, 0.066345214843750000, 10.158752441406250000, 10001.8, 37.0, 97920
Java_JIT, idle_spectralnorm.java-3_5500, -1, 15.740539550781250000, 0.838867187500000000, 0.107849121093750000, 10.272705078125000000, 10001.9, 37.0, 97920
Java_JIT, idle_spectralnorm.java-3_5500, -1, 15.222106933593750000, 0.459838867187500000, 0.074279785156250000, 10.159423828125000000, 10001.8, 37.5, 97920
Java_JIT, idle_spectralnorm.java-3_5500, -1, 16.063476562500000000, 1.076843261718750000, 0.138366699218750000, 10.281311035156250000, 10002, 37.8, 97920
Java_JIT, idle_spectralnorm.java-3_5500, -1, 15.338867187500000000, 0.565246582031250000, 0.064575195312500000, 10.166259765625000000, 10002, 37.8, 97920
Java_JIT, idle_spectralnorm.java-3_5500, -1, 15.905578613281250000, 0.960998535156250000, 0.109863281250000000, 10.269104003906250000, 10002, 38.0, 97920
Java_JIT, spectralnorm.java-3_5500, -1, 27.615844726562500000, 25.534912109375000000, 0.106262207031250000, 1.341979980468750000, 1001.63, 38.8, 97920
Java_JIT, spectralnorm.java-3_5500, -1, 27.247192382812500000, 25.190246582031250000, 0.095275878906250000, 1.326232910156250000, 991.416, 39.5, 97920
Java_JIT, spectralnorm.java-3_5500, -1, 27.770751953125000000, 25.699279785156250000, 0.101684570312500000, 1.335571289062500000, 993.287, 39.5, 97920
Java_JIT, spectralnorm.java-3_5500, -1, 27.738891601562500000, 25.642211914062500000, 0.101013183593750000, 1.347229003906250000, 1000.43, 39.8, 97920
Java_JIT, spectralnorm.java-3_5500, -1, 27.286499023437500000, 25.221069335937500000, 0.094787597656250000, 1.322631835937500000, 992.656, 40.5, 97920
Java_JIT, spectralnorm.java-3_5500, -1, 27.604553222656250000, 25.512268066406250000, 0.098449707031250000, 1.332031250000000000, 1002.85, 40.8, 97920
Java_JIT, spectralnorm.java-3_5500, -1, 27.743347167968750000, 25.661010742187500000, 0.106750488281250000, 1.324645996093750000, 993.898, 41.5, 97920
Java_JIT, spectralnorm.java-3_5500, -1, 27.176208496093750000, 25.082397460937500000, 0.115661621093750000, 1.310546875000000000, 987.195, 41.2, 97920
Java_JIT, spectralnorm.java-3_5500, -1, 27.568664550781250000, 25.478332519531250000, 0.101806640625000000, 1.336364746093750000, 996.126, 41.2, 97920
Java_JIT, spectralnorm.java-3_5500, -1, 27.886108398437500000, 25.781250000000000000, 0.101745605468750000, 1.344665527343750000, 1004.8, 41.8, 97920
Java, idle_spectralnorm.java-3_5500, -1, 15.943298339843750000, 0.898315429687500000, 0.115295410156250000, 10.267089843750000000, 10002.1, 41.8, 82228
Java, idle_spectralnorm.java-3_5500, -1, 15.442810058593750000, 0.547058105468750000, 0.081298828125000000, 10.155334472656250000, 10001.9, 39.5, 82228
Java, idle_spectralnorm.java-3_5500, -1, 15.907409667968750000, 0.942382812500000000, 0.112060546875000000, 10.265441894531250000, 10001.9, 38.0, 82228
Java, idle_spectralnorm.java-3_5500, -1, 15.200683593750000000, 0.442565917968750000, 0.070556640625000000, 10.160461425781250000, 10001.8, 38.0, 82228
Java, idle_spectralnorm.java-3_5500, -1, 16.033691406250000000, 1.083984375000000000, 0.122863769531250000, 10.278442382812500000, 10002, 37.0, 82228
Java, idle_spectralnorm.java-3_5500, -1, 15.283813476562500000, 0.533508300781250000, 0.067687988281250000, 10.166564941406250000, 10001.9, 37.2, 82228
Java, idle_spectralnorm.java-3_5500, -1, 15.819946289062500000, 0.896667480468750000, 0.112792968750000000, 10.275207519531250000, 10002.1, 37.5, 82228
Java, idle_spectralnorm.java-3_5500, -1, 15.229614257812500000, 0.457275390625000000, 0.083007812500000000, 10.159912109375000000, 10001.9, 37.8, 82228
Java, idle_spectralnorm.java-3_5500, -1, 15.812133789062500000, 0.896728515625000000, 0.105712890625000000, 10.264038085937500000, 10001.9, 37.8, 82228
Java, idle_spectralnorm.java-3_5500, -1, 15.278381347656250000, 0.481445312500000000, 0.083251953125000000, 10.164978027343750000, 10001.9, 38.0, 82228
Java, spectralnorm.java-3_5500, -1, 737.347473144531250000, 695.228393554687500000, 0.135375976562500000, 21.495483398437500000, 21054.4, 42.5, 82228
Java, spectralnorm.java-3_5500, -1, 727.596008300781250000, 685.855651855468750000, 0.156250000000000000, 21.497314453125000000, 21062.9, 42.5, 82228
Java, spectralnorm.java-3_5500, -1, 736.049987792968750000, 693.596862792968750000, 0.122924804687500000, 21.823486328125000000, 21445.2, 42.2, 82228
Java, spectralnorm.java-3_5500, -1, 728.915588378906250000, 687.120605468750000000, 0.110595703125000000, 21.463012695312500000, 21102.9, 42.2, 82228
Java, spectralnorm.java-3_5500, -1, 726.980224609375000000, 685.476989746093750000, 0.113220214843750000, 21.319519042968750000, 20948, 42.5, 82228
Java, spectralnorm.java-3_5500, -1, 729.548278808593750000, 687.509704589843750000, 0.105712890625000000, 21.577087402343750000, 21214.8, 42.5, 82228
Java, spectralnorm.java-3_5500, -1, 729.585205078125000000, 687.599487304687500000, 0.107543945312500000, 21.608032226562500000, 21206, 42.5, 82228
Java, spectralnorm.java-3_5500, -1, 723.717590332031250000, 682.103393554687500000, 0.170898437500000000, 21.416931152343750000, 20980.2, 42.0, 82228
Java, spectralnorm.java-3_5500, -1, 738.972595214843750000, 696.283813476562500000, 0.155944824218750000, 21.966613769531250000, 21518.3, 42.2, 82228
Java, spectralnorm.java-3_5500, -1, 726.006896972656250000, 684.058715820312500000, 0.156738281250000000, 21.594604492187500000, 21156.4, 42.5, 82228
JavaXComp, idle_spectralnorm.java-3_5500, -1, 15.237304687500000000, 0.398559570312500000, 0.046203613281250000, 10.144592285156250000, 10002, 41.8, 339668
JavaXComp, idle_spectralnorm.java-3_5500, -1, 16.113647460937500000, 1.058105468750000000, 0.110351562500000000, 10.265563964843750000, 10002, 39.8, 339668
JavaXComp, idle_spectralnorm.java-3_5500, -1, 15.306152343750000000, 0.494873046875000000, 0.079284667968750000, 10.161254882812500000, 10002, 38.8, 339668
JavaXComp, idle_spectralnorm.java-3_5500, -1, 15.957336425781250000, 1.026672363281250000, 0.106140136718750000, 10.267883300781250000, 10002.1, 38.0, 339668
JavaXComp, idle_spectralnorm.java-3_5500, -1, 15.295532226562500000, 0.525146484375000000, 0.075561523437500000, 10.157470703125000000, 10001.9, 38.0, 339668
JavaXComp, idle_spectralnorm.java-3_5500, -1, 15.815795898437500000, 0.895080566406250000, 0.102172851562500000, 10.269592285156250000, 10002.1, 38.0, 339668
JavaXComp, idle_spectralnorm.java-3_5500, -1, 15.248168945312500000, 0.450988769531250000, 0.081481933593750000, 10.160583496093750000, 10001.9, 38.2, 339668
JavaXComp, idle_spectralnorm.java-3_5500, -1, 15.904235839843750000, 0.961242675781250000, 0.099792480468750000, 10.273742675781250000, 10002, 38.5, 339668
JavaXComp, idle_spectralnorm.java-3_5500, -1, 15.314331054687500000, 0.499755859375000000, 0.073181152343750000, 10.171081542968750000, 10001.8, 38.8, 339668
JavaXComp, idle_spectralnorm.java-3_5500, -1, 15.992553710937500000, 1.052917480468750000, 0.109375000000000000, 10.273925781250000000, 10002.1, 38.5, 339668
JavaXComp, spectralnorm.java-3_5500, -1, 473.496032714843750000, 421.937438964843750000, 0.170776367187500000, 30.979980468750000000, 26450.4, 42.0, 339668
JavaXComp, spectralnorm.java-3_5500, -1, 479.151245117187500000, 427.378906250000000000, 0.171813964843750000, 31.027587890625000000, 26493, 42.0, 339668
JavaXComp, spectralnorm.java-3_5500, -1, 471.924621582031250000, 420.481445312500000000, 0.186096191406250000, 30.940246582031250000, 26408.4, 42.2, 339668
JavaXComp, spectralnorm.java-3_5500, -1, 476.957092285156250000, 425.879211425781250000, 0.192626953125000000, 30.675415039062500000, 26106.2, 42.0, 339668
JavaXComp, spectralnorm.java-3_5500, -1, 472.411865234375000000, 420.245300292968750000, 0.182922363281250000, 31.053771972656250000, 26555.4, 41.8, 339668
JavaXComp, spectralnorm.java-3_5500, -1, 476.897460937500000000, 425.036804199218750000, 0.178527832031250000, 31.056335449218750000, 26582.8, 41.5, 339668
JavaXComp, spectralnorm.java-3_5500, -1, 470.499877929687500000, 418.564636230468750000, 0.178222656250000000, 31.197265625000000000, 26729.4, 41.5, 339668
JavaXComp, spectralnorm.java-3_5500, -1, 471.016418457031250000, 419.412780761718750000, 0.192382812500000000, 31.040893554687500000, 26544.6, 40.8, 339668
JavaXComp, spectralnorm.java-3_5500, -1, 476.630493164062500000, 425.186889648437500000, 0.177429199218750000, 30.880004882812500000, 26373, 41.2, 339668
JavaXComp, spectralnorm.java-3_5500, -1, 475.861938476562500000, 424.121582031250000000, 0.188537597656250000, 31.054931640625000000, 26503.2, 41.8, 339668
Java_JIT, idle_revcomp.java-6_0, -1, 22.802490234375000000, 7.576782226562500000, 0.096191406250000000, 10.315429687500000000, 10001.9, 41.2, 218880
Java_JIT, idle_revcomp.java-6_0, -1, 22.426025390625000000, 7.321594238281250000, 0.090881347656250000, 10.237243652343750000, 10001.8, 40.0, 218880
Java_JIT, idle_revcomp.java-6_0, -1, 24.402099609375000000, 9.134887695312500000, 0.126464843750000000, 10.359191894531250000, 10002, 39.5, 218880
Java_JIT, idle_revcomp.java-6_0, -1, 22.259094238281250000, 7.243286132812500000, 0.076904296875000000, 10.195922851562500000, 10001.8, 39.5, 218880
Java_JIT, idle_revcomp.java-6_0, -1, 21.978576660156250000, 6.857482910156250000, 0.127502441406250000, 10.291625976562500000, 10001.9, 38.8, 218880
Java_JIT, idle_revcomp.java-6_0, -1, 21.064819335937500000, 6.136413574218750000, 0.082885742187500000, 10.164550781250000000, 10001.8, 37.8, 218880
Java_JIT, idle_revcomp.java-6_0, -1, 22.254882812500000000, 7.122558593750000000, 0.127014160156250000, 10.292541503906250000, 10001.8, 38.8, 218880
Java_JIT, idle_revcomp.java-6_0, -1, 21.453002929687500000, 6.450805664062500000, 0.091613769531250000, 10.197937011718750000, 10001.8, 39.2, 218880
Java_JIT, idle_revcomp.java-6_0, -1, 23.696472167968750000, 8.511352539062500000, 0.129760742187500000, 10.300903320312500000, 10002, 39.0, 218880
Java_JIT, idle_revcomp.java-6_0, -1, 21.456726074218750000, 6.474853515625000000, 0.091186523437500000, 10.177368164062500000, 10001.9, 39.8, 218880
Java_JIT, revcomp.java-6_0, -1, 80.242553710937500000, 72.247802734375000000, 2.261535644531250000, 4.479980468750000000, 2699.8, 39.2, 218880
Java_JIT, revcomp.java-6_0, -1, 78.976379394531250000, 70.997009277343750000, 2.288757324218750000, 4.372863769531250000, 2693.44, 41.5, 218880
Java_JIT, revcomp.java-6_0, -1, 81.067016601562500000, 73.026733398437500000, 2.243408203125000000, 4.509460449218750000, 2722.14, 42.2, 218880
Java_JIT, revcomp.java-6_0, -1, 81.951904296875000000, 73.815734863281250000, 2.294311523437500000, 4.523132324218750000, 2732.15, 43.0, 218880
Java_JIT, revcomp.java-6_0, -1, 81.828430175781250000, 73.636535644531250000, 2.307739257812500000, 4.551086425781250000, 2744.25, 43.5, 218880
Java_JIT, revcomp.java-6_0, -1, 80.748596191406250000, 72.604309082031250000, 2.327697753906250000, 4.427185058593750000, 2722.2, 43.5, 218880
Java_JIT, revcomp.java-6_0, -1, 80.882385253906250000, 72.779602050781250000, 2.289855957031250000, 4.436828613281250000, 2711.56, 44.0, 218880
Java_JIT, revcomp.java-6_0, -1, 81.469665527343750000, 73.357788085937500000, 2.275024414062500000, 4.525939941406250000, 2725.03, 43.2, 218880
Java_JIT, revcomp.java-6_0, -1, 82.247680664062500000, 74.061889648437500000, 2.279968261718750000, 4.583557128906250000, 2741.45, 43.5, 218880
Java_JIT, revcomp.java-6_0, -1, 81.350524902343750000, 73.091613769531250000, 2.369384765625000000, 4.545898437500000000, 2736.68, 43.2, 218880
Java, idle_revcomp.java-6_0, -1, 22.136657714843750000, 6.919067382812500000, 0.104858398437500000, 10.281066894531250000, 10001.9, 43.0, 190504
Java, idle_revcomp.java-6_0, -1, 21.504394531250000000, 6.465148925781250000, 0.081054687500000000, 10.185668945312500000, 10002, 40.8, 190504
Java, idle_revcomp.java-6_0, -1, 21.687194824218750000, 6.541625976562500000, 0.121093750000000000, 10.281250000000000000, 10001.8, 39.2, 190504
Java, idle_revcomp.java-6_0, -1, 21.613037109375000000, 6.610229492187500000, 0.077331542968750000, 10.188415527343750000, 10002, 39.0, 190504
Java, idle_revcomp.java-6_0, -1, 22.012023925781250000, 6.846496582031250000, 0.132507324218750000, 10.295410156250000000, 10001.9, 39.2, 190504
Java, idle_revcomp.java-6_0, -1, 24.131286621093750000, 9.066711425781250000, 0.091552734375000000, 10.260375976562500000, 10001.9, 38.8, 190504
Java, idle_revcomp.java-6_0, -1, 21.665344238281250000, 6.570129394531250000, 0.122070312500000000, 10.281677246093750000, 10002.2, 38.0, 190504
Java, idle_revcomp.java-6_0, -1, 21.100830078125000000, 6.154296875000000000, 0.078063964843750000, 10.179260253906250000, 10002, 38.2, 190504
Java, idle_revcomp.java-6_0, -1, 21.950439453125000000, 6.810913085937500000, 0.119628906250000000, 10.295654296875000000, 10002, 38.5, 190504
Java, idle_revcomp.java-6_0, -1, 21.344726562500000000, 6.352233886718750000, 0.089477539062500000, 10.197021484375000000, 10001.7, 39.0, 190504
Java, revcomp.java-6_0, -1, 112.741149902343750000, 100.999511718750000000, 2.231384277343750000, 6.234985351562500000, 4732.22, 40.0, 190504
Java, revcomp.java-6_0, -1, 114.867492675781250000, 102.975830078125000000, 2.285949707031250000, 6.309082031250000000, 4752.93, 42.0, 190504
Java, revcomp.java-6_0, -1, 114.480651855468750000, 102.493896484375000000, 2.326354980468750000, 6.276306152343750000, 4758.34, 42.8, 190504
Java, revcomp.java-6_0, -1, 112.939514160156250000, 101.010559082031250000, 2.334594726562500000, 6.282714843750000000, 4730.53, 43.2, 190504
Java, revcomp.java-6_0, -1, 112.950927734375000000, 101.135009765625000000, 2.291015625000000000, 6.194885253906250000, 4709.33, 43.2, 190504
Java, revcomp.java-6_0, -1, 113.775085449218750000, 101.780883789062500000, 2.279785156250000000, 6.277709960937500000, 4742.98, 43.2, 190504
Java, revcomp.java-6_0, -1, 112.480773925781250000, 100.617797851562500000, 2.304870605468750000, 6.263366699218750000, 4709.32, 43.5, 190504
Java, revcomp.java-6_0, -1, 113.592102050781250000, 101.597167968750000000, 2.299743652343750000, 6.261657714843750000, 4726.86, 44.0, 190504
Java, revcomp.java-6_0, -1, 113.498168945312500000, 101.541931152343750000, 2.304565429687500000, 6.267578125000000000, 4731.73, 44.0, 190504
Java, revcomp.java-6_0, -1, 112.104492187500000000, 100.301574707031250000, 2.257812500000000000, 6.206909179687500000, 4698.28, 43.8, 190504
JavaXComp, idle_revcomp.java-6_0, -1, 21.093994140625000000, 6.088928222656250000, 0.052795410156250000, 10.167175292968750000, 10001.8, 41.5, 285848
JavaXComp, idle_revcomp.java-6_0, -1, 22.030273437500000000, 6.831420898437500000, 0.135437011718750000, 10.294555664062500000, 10001.9, 39.5, 285848
JavaXComp, idle_revcomp.java-6_0, -1, 21.433166503906250000, 6.421691894531250000, 0.082641601562500000, 10.188964843750000000, 10001.9, 38.2, 285848
JavaXComp, idle_revcomp.java-6_0, -1, 23.595397949218750000, 8.381286621093750000, 0.130371093750000000, 10.321655273437500000, 10002, 38.2, 285848
JavaXComp, idle_revcomp.java-6_0, -1, 21.420959472656250000, 6.429504394531250000, 0.077575683593750000, 10.194030761718750000, 10001.9, 37.5, 285848
JavaXComp, idle_revcomp.java-6_0, -1, 22.284240722656250000, 7.118408203125000000, 0.127807617187500000, 10.310913085937500000, 10001.9, 38.0, 285848
JavaXComp, idle_revcomp.java-6_0, -1, 21.270751953125000000, 6.299499511718750000, 0.088134765625000000, 10.177917480468750000, 10001.8, 38.2, 285848
JavaXComp, idle_revcomp.java-6_0, -1, 21.769287109375000000, 6.644104003906250000, 0.122070312500000000, 10.288574218750000000, 10001.9, 38.0, 285848
JavaXComp, idle_revcomp.java-6_0, -1, 21.302734375000000000, 6.321655273437500000, 0.076599121093750000, 10.187927246093750000, 10001.7, 38.5, 285848
JavaXComp, idle_revcomp.java-6_0, -1, 23.604614257812500000, 8.398498535156250000, 0.120910644531250000, 10.328857421875000000, 10002.1, 38.2, 285848
JavaXComp, revcomp.java-6_0, -1, 465.835327148437500000, 413.815856933593750000, 2.294982910156250000, 30.687011718750000000, 25018, 42.8, 285848
JavaXComp, revcomp.java-6_0, -1, 470.581237792968750000, 418.007507324218750000, 2.379028320312500000, 30.900085449218750000, 25140.3, 43.2, 285848
JavaXComp, revcomp.java-6_0, -1, 466.788574218750000000, 414.204956054687500000, 2.341491699218750000, 31.041687011718750000, 25307, 42.5, 285848
JavaXComp, revcomp.java-6_0, -1, 467.747375488281250000, 415.231750488281250000, 2.351440429687500000, 30.986633300781250000, 25246.3, 43.0, 285848
JavaXComp, revcomp.java-6_0, -1, 465.263061523437500000, 412.806518554687500000, 2.429260253906250000, 30.958312988281250000, 25179.7, 42.5, 285848
JavaXComp, revcomp.java-6_0, -1, 467.638732910156250000, 415.032165527343750000, 2.423095703125000000, 31.153015136718750000, 25309.1, 42.2, 285848
JavaXComp, revcomp.java-6_0, -1, 467.143493652343750000, 415.190124511718750000, 2.376220703125000000, 30.724792480468750000, 24980.3, 42.2, 285848
JavaXComp, revcomp.java-6_0, -1, 463.709228515625000000, 411.748168945312500000, 2.391601562500000000, 30.860595703125000000, 25125.2, 42.5, 285848
JavaXComp, revcomp.java-6_0, -1, 464.040588378906250000, 411.635314941406250000, 2.444824218750000000, 30.899475097656250000, 25220.3, 42.0, 285848
JavaXComp, revcomp.java-6_0, -1, 460.530029296875000000, 408.459045410156250000, 2.364257812500000000, 30.844726562500000000, 25081.1, 42.5, 285848
Java_JIT, idle_knucleotide_0, -1, 22.344604492187500000, 7.158691406250000000, 0.107116699218750000, 10.308532714843750000, 10001.9, 41.2, 646920
Java_JIT, idle_knucleotide_0, -1, 22.066223144531250000, 7.042541503906250000, 0.085388183593750000, 10.221130371093750000, 10001.8, 39.2, 646920
Java_JIT, idle_knucleotide_0, -1, 25.313598632812500000, 10.079101562500000000, 0.123352050781250000, 10.352233886718750000, 10002, 38.2, 646920
Java_JIT, idle_knucleotide_0, -1, 22.826232910156250000, 7.794311523437500000, 0.083312988281250000, 10.205688476562500000, 10001.9, 38.2, 646920
Java_JIT, idle_knucleotide_0, -1, 23.291931152343750000, 8.104492187500000000, 0.121643066406250000, 10.336242675781250000, 10002, 38.0, 646920
Java_JIT, idle_knucleotide_0, -1, 21.998596191406250000, 6.993408203125000000, 0.082702636718750000, 10.199035644531250000, 10001.9, 38.0, 646920
Java_JIT, idle_knucleotide_0, -1, 22.090026855468750000, 6.931640625000000000, 0.137084960937500000, 10.301513671875000000, 10001.9, 37.8, 646920
Java_JIT, idle_knucleotide_0, -1, 23.140563964843750000, 8.085327148437500000, 0.092773437500000000, 10.276123046875000000, 10001.8, 38.2, 646920
Java_JIT, idle_knucleotide_0, -1, 24.470458984375000000, 9.249145507812500000, 0.133666992187500000, 10.323242187500000000, 10001.9, 38.5, 646920
Java_JIT, idle_knucleotide_0, -1, 22.134460449218750000, 7.137390136718750000, 0.076232910156250000, 10.191406250000000000, 10001.9, 38.8, 646920
Java_JIT, knucleotide_0, -1, 139.938354492187500000, 130.724243164062500000, 0.143310546875000000, 7.046264648437500000, 4362.19, 43.8, 646920
Java_JIT, knucleotide_0, -1, 138.814636230468750000, 129.592590332031250000, 0.128540039062500000, 6.970458984375000000, 4356.22, 43.5, 646920
Java_JIT, knucleotide_0, -1, 142.231323242187500000, 132.750549316406250000, 0.137695312500000000, 7.219360351562500000, 4444.55, 43.5, 646920
Java_JIT, knucleotide_0, -1, 137.775329589843750000, 128.375976562500000000, 0.146301269531250000, 7.114074707031250000, 4431.88, 43.5, 646920
Java_JIT, knucleotide_0, -1, 136.951782226562500000, 127.664123535156250000, 0.107177734375000000, 6.987182617187500000, 4381.88, 43.5, 646920
Java_JIT, knucleotide_0, -1, 140.840393066406250000, 131.369567871093750000, 0.146118164062500000, 7.143249511718750000, 4444.56, 43.8, 646920
Java_JIT, knucleotide_0, -1, 136.207397460937500000, 126.981201171875000000, 0.112060546875000000, 6.974182128906250000, 4369.17, 43.2, 646920
Java_JIT, knucleotide_0, -1, 139.200988769531250000, 129.860046386718750000, 0.140625000000000000, 7.078491210937500000, 4394.35, 43.0, 646920
Java_JIT, knucleotide_0, -1, 139.623962402343750000, 130.240051269531250000, 0.141784667968750000, 6.997070312500000000, 4429.06, 43.2, 646920
Java_JIT, knucleotide_0, -1, 137.984191894531250000, 128.588317871093750000, 0.150024414062500000, 7.117065429687500000, 4397.02, 43.0, 646920
Java, idle_knucleotide_0, -1, 22.789001464843750000, 7.375671386718750000, 0.142211914062500000, 10.317016601562500000, 10002.2, 44.0, 494196
Java, idle_knucleotide_0, -1, 22.092529296875000000, 6.907775878906250000, 0.090209960937500000, 10.216674804687500000, 10001.8, 41.5, 494196
Java, idle_knucleotide_0, -1, 23.053161621093750000, 7.651000976562500000, 0.133666992187500000, 10.329772949218750000, 10002, 40.8, 494196
Java, idle_knucleotide_0, -1, 22.243835449218750000, 7.139953613281250000, 0.085754394531250000, 10.225219726562500000, 10001.8, 40.5, 494196
Java, idle_knucleotide_0, -1, 26.640258789062500000, 11.282470703125000000, 0.122863769531250000, 10.388793945312500000, 10002, 39.2, 494196
Java, idle_knucleotide_0, -1, 22.202453613281250000, 7.132934570312500000, 0.085327148437500000, 10.215820312500000000, 10001.9, 39.0, 494196
Java, idle_knucleotide_0, -1, 23.713989257812500000, 8.486083984375000000, 0.111206054687500000, 10.356506347656250000, 10001.9, 37.8, 494196
Java, idle_knucleotide_0, -1, 22.168457031250000000, 7.120910644531250000, 0.091491699218750000, 10.224182128906250000, 10001.9, 38.0, 494196
Java, idle_knucleotide_0, -1, 22.600708007812500000, 7.403869628906250000, 0.134521484375000000, 10.324584960937500000, 10001.9, 38.0, 494196
Java, idle_knucleotide_0, -1, 21.853637695312500000, 6.840942382812500000, 0.071228027343750000, 10.214294433593750000, 10002, 38.5, 494196
Java, knucleotide_0, -1, 2852.523193359375000000, 2648.796508789062500000, 0.127258300781250000, 106.009826660156250000, 101252, 43.8, 494196
Java, knucleotide_0, -1, 2853.661987304687500000, 2652.875061035156250000, 0.131774902343750000, 105.825561523437500000, 101073, 44.0, 494196
Java, knucleotide_0, -1, 2841.022277832031250000, 2638.787719726562500000, 0.195495605468750000, 106.546630859375000000, 101719, 44.0, 494196
Java, knucleotide_0, -1, 2843.611511230468750000, 2639.887756347656250000, 0.206481933593750000, 107.122741699218750000, 102298, 44.0, 494196
Java, knucleotide_0, -1, 2851.219543457031250000, 2650.270385742187500000, 0.189941406250000000, 105.921142578125000000, 101113, 43.8, 494196
Java, knucleotide_0, -1, 2861.413269042968750000, 2658.417541503906250000, 0.133361816406250000, 106.519470214843750000, 101688, 44.0, 494196
Java, knucleotide_0, -1, 2874.019104003906250000, 2670.823608398437500000, 0.177612304687500000, 106.036743164062500000, 101146, 44.0, 494196
Java, knucleotide_0, -1, 2856.667846679687500000, 2653.259948730468750000, 0.189270019531250000, 106.598144531250000000, 101738, 43.8, 494196
Java, knucleotide_0, -1, 2854.412353515625000000, 2650.818298339843750000, 0.190002441406250000, 106.987304687500000000, 102150, 43.5, 494196
Java, knucleotide_0, -1, 2858.077087402343750000, 2654.083312988281250000, 0.198547363281250000, 106.926208496093750000, 102025, 43.8, 494196
JavaXComp, idle_knucleotide_0, -1, 25.134033203125000000, 9.662475585937500000, 0.140991210937500000, 10.328247070312500000, 10002, 41.8, 758108
JavaXComp, idle_knucleotide_0, -1, 23.434387207031250000, 8.267822265625000000, 0.088928222656250000, 10.283508300781250000, 10001.8, 40.5, 758108
JavaXComp, idle_knucleotide_0, -1, 22.328674316406250000, 7.116577148437500000, 0.113708496093750000, 10.320983886718750000, 10002, 39.5, 758108
JavaXComp, idle_knucleotide_0, -1, 21.565124511718750000, 6.540039062500000000, 0.075439453125000000, 10.201232910156250000, 10002, 39.0, 758108
JavaXComp, idle_knucleotide_0, -1, 23.006469726562500000, 7.830627441406250000, 0.127136230468750000, 10.306396484375000000, 10002, 38.8, 758108
JavaXComp, idle_knucleotide_0, -1, 21.380554199218750000, 6.375244140625000000, 0.088378906250000000, 10.195434570312500000, 10001.9, 38.5, 758108
JavaXComp, idle_knucleotide_0, -1, 25.012451171875000000, 9.781005859375000000, 0.129333496093750000, 10.333435058593750000, 10002, 37.8, 758108
JavaXComp, idle_knucleotide_0, -1, 21.559082031250000000, 6.571411132812500000, 0.076293945312500000, 10.206176757812500000, 10001.8, 37.8, 758108
JavaXComp, idle_knucleotide_0, -1, 22.270385742187500000, 7.089416503906250000, 0.129211425781250000, 10.326354980468750000, 10002, 37.5, 758108
JavaXComp, idle_knucleotide_0, -1, 21.543151855468750000, 6.533935546875000000, 0.087463378906250000, 10.193603515625000000, 10001.9, 38.2, 758108
JavaXComp, knucleotide_0, -1, 679.740661621093750000, 608.905700683593750000, 0.188415527343750000, 43.670959472656250000, 35585.4, 43.2, 758108
JavaXComp, knucleotide_0, -1, 673.223999023437500000, 602.767028808593750000, 0.184265136718750000, 43.533264160156250000, 35523.3, 43.0, 758108
JavaXComp, knucleotide_0, -1, 672.397521972656250000, 602.067993164062500000, 0.179321289062500000, 43.593872070312500000, 35511.4, 43.2, 758108
JavaXComp, knucleotide_0, -1, 669.919921875000000000, 599.638000488281250000, 0.226074218750000000, 43.494689941406250000, 35475.3, 43.8, 758108
JavaXComp, knucleotide_0, -1, 668.327819824218750000, 598.463745117187500000, 0.194763183593750000, 43.122314453125000000, 35245.4, 43.2, 758108
JavaXComp, knucleotide_0, -1, 668.878234863281250000, 598.961791992187500000, 0.174133300781250000, 43.313110351562500000, 35370.4, 42.2, 758108
JavaXComp, knucleotide_0, -1, 667.521179199218750000, 597.190917968750000000, 0.198120117187500000, 43.450439453125000000, 35445.2, 42.2, 758108
JavaXComp, knucleotide_0, -1, 669.012145996093750000, 599.131042480468750000, 0.188842773437500000, 43.143676757812500000, 35265.1, 42.2, 758108
JavaXComp, knucleotide_0, -1, 669.818176269531250000, 600.255187988281250000, 0.191650390625000000, 43.001525878906250000, 35139.4, 42.5, 758108
JavaXComp, knucleotide_0, -1, 666.600708007812500000, 596.299194335937500000, 0.171081542968750000, 43.438476562500000000, 35448.8, 43.2, 758108
Java_JIT, idle_regexredux_0, -1, 23.066589355468750000, 7.911987304687500000, 0.089477539062500000, 10.312988281250000000, 10002, 40.0, 983072
Java_JIT, idle_regexredux_0, -1, 21.700744628906250000, 6.695373535156250000, 0.073852539062500000, 10.202453613281250000, 10001.9, 38.5, 983072
Java_JIT, idle_regexredux_0, -1, 22.417480468750000000, 7.234924316406250000, 0.135925292968750000, 10.312988281250000000, 10001.9, 38.0, 983072
Java_JIT, idle_regexredux_0, -1, 23.939575195312500000, 8.899108886718750000, 0.078063964843750000, 10.231689453125000000, 10001.8, 37.2, 983072
Java_JIT, idle_regexredux_0, -1, 22.263610839843750000, 7.098876953125000000, 0.131835937500000000, 10.325256347656250000, 10002.1, 37.5, 983072
Java_JIT, idle_regexredux_0, -1, 21.575134277343750000, 6.580932617187500000, 0.083068847656250000, 10.208801269531250000, 10001.8, 37.8, 983072
Java_JIT, idle_regexredux_0, -1, 23.528747558593750000, 8.332397460937500000, 0.116210937500000000, 10.332702636718750000, 10001.9, 38.0, 983072
Java_JIT, idle_regexredux_0, -1, 21.641418457031250000, 6.631042480468750000, 0.087646484375000000, 10.211608886718750000, 10001.9, 38.8, 983072
Java_JIT, idle_regexredux_0, -1, 22.213439941406250000, 7.065368652343750000, 0.117431640625000000, 10.312194824218750000, 10001.8, 38.2, 983072
Java_JIT, idle_regexredux_0, -1, 23.876098632812500000, 8.824829101562500000, 0.076354980468750000, 10.226623535156250000, 10002, 39.0, 983072
Java_JIT, regexredux_0, -1, 173.068969726562500000, 158.325927734375000000, 0.234802246093750000, 9.076110839843750000, 7204.31, 41.2, 983072
Java_JIT, regexredux_0, -1, 175.069091796875000000, 160.126708984375000000, 0.219299316406250000, 9.115234375000000000, 7314.22, 42.8, 983072
Java_JIT, regexredux_0, -1, 171.756347656250000000, 156.983215332031250000, 0.233825683593750000, 8.943176269531250000, 7135.75, 42.2, 983072
Java_JIT, regexredux_0, -1, 169.421142578125000000, 154.827453613281250000, 0.184753417968750000, 8.981994628906250000, 7092.95, 43.5, 983072
Java_JIT, regexredux_0, -1, 169.003051757812500000, 154.381652832031250000, 0.222778320312500000, 8.959777832031250000, 7119.17, 43.2, 983072
Java_JIT, regexredux_0, -1, 167.703002929687500000, 153.065979003906250000, 0.249877929687500000, 8.921875000000000000, 7117.33, 43.5, 983072
Java_JIT, regexredux_0, -1, 170.433898925781250000, 155.927246093750000000, 0.224975585937500000, 8.915832519531250000, 7091.44, 44.0, 983072
Java_JIT, regexredux_0, -1, 166.482299804687500000, 151.986694335937500000, 0.230346679687500000, 8.744873046875000000, 7092.59, 43.2, 983072
Java_JIT, regexredux_0, -1, 170.464721679687500000, 155.738769531250000000, 0.241638183593750000, 8.999145507812500000, 7161.79, 42.5, 983072
Java_JIT, regexredux_0, -1, 175.237976074218750000, 160.126647949218750000, 0.210510253906250000, 9.326049804687500000, 7361.48, 42.8, 983072
Java, idle_regexredux_0, -1, 21.339233398437500000, 6.380432128906250000, 0.052307128906250000, 10.178527832031250000, 10001.7, 39.2, 1078616
Java, idle_regexredux_0, -1, 24.532531738281250000, 9.307128906250000000, 0.142272949218750000, 10.328125000000000000, 10001.9, 37.2, 1078616
Java, idle_regexredux_0, -1, 21.298522949218750000, 6.333129882812500000, 0.076049804687500000, 10.191284179687500000, 10001.9, 37.2, 1078616
Java, idle_regexredux_0, -1, 22.141418457031250000, 7.010803222656250000, 0.132690429687500000, 10.309875488281250000, 10002, 36.8, 1078616
Java, idle_regexredux_0, -1, 22.671142578125000000, 7.672302246093750000, 0.084655761718750000, 10.205993652343750000, 10001.9, 36.5, 1078616
Java, idle_regexredux_0, -1, 23.578125000000000000, 8.416931152343750000, 0.117553710937500000, 10.382751464843750000, 10001.9, 36.5, 1078616
Java, idle_regexredux_0, -1, 21.601867675781250000, 6.624328613281250000, 0.091247558593750000, 10.188781738281250000, 10001.9, 36.8, 1078616
Java, idle_regexredux_0, -1, 24.483581542968750000, 9.294128417968750000, 0.128234863281250000, 10.327697753906250000, 10001.9, 37.5, 1078616
Java, idle_regexredux_0, -1, 21.470153808593750000, 6.510009765625000000, 0.077270507812500000, 10.194641113281250000, 10001.9, 38.2, 1078616
Java, idle_regexredux_0, -1, 22.015319824218750000, 6.885742187500000000, 0.123229980468750000, 10.303771972656250000, 10001.9, 38.0, 1078616
Java, regexredux_0, -1, 5340.218505859375000000, 4865.139404296875000000, 0.336364746093750000, 248.275512695312500000, 242074, 41.8, 1078616
Java, regexredux_0, -1, 5296.533691406250000000, 4831.160034179687500000, 0.352050781250000000, 243.563232421875000000, 237359, 41.2, 1078616
Java, regexredux_0, -1, 5318.171569824218750000, 4847.440979003906250000, 0.345703125000000000, 244.647644042968750000, 238421, 40.8, 1078616
Java, regexredux_0, -1, 5282.116638183593750000, 4818.280029296875000000, 0.355468750000000000, 243.691101074218750000, 237564, 41.2, 1078616
Java, regexredux_0, -1, 5312.531555175781250000, 4842.629699707031250000, 0.378479003906250000, 245.227111816406250000, 239021, 41.0, 1078616
Java, regexredux_0, -1, 5305.763549804687500000, 4839.959106445312500000, 0.344238281250000000, 244.268066406250000000, 237930, 40.8, 1078616
Java, regexredux_0, -1, 5300.511169433593750000, 4833.359680175781250000, 0.365783691406250000, 243.692443847656250000, 237546, 41.2, 1078616
Java, regexredux_0, -1, 5297.743041992187500000, 4830.925354003906250000, 0.379028320312500000, 243.426696777343750000, 237308, 40.8, 1078616
Java, regexredux_0, -1, 5340.972412109375000000, 4875.393188476562500000, 0.376403808593750000, 243.721984863281250000, 237637, 41.2, 1078616
Java, regexredux_0, -1, 5277.576721191406250000, 4816.362915039062500000, 0.379211425781250000, 242.117370605468750000, 235892, 41.0, 1078616
JavaXComp, idle_regexredux_0, -1, 24.272277832031250000, 9.202941894531250000, 0.036437988281250000, 10.230163574218750000, 10001.7, 40.0, 671732
JavaXComp, idle_regexredux_0, -1, 22.293334960937500000, 7.105590820312500000, 0.128906250000000000, 10.329162597656250000, 10002, 38.2, 671732
JavaXComp, idle_regexredux_0, -1, 22.206420898437500000, 7.072814941406250000, 0.126464843750000000, 10.314819335937500000, 10002, 37.0, 671732
JavaXComp, idle_regexredux_0, -1, 21.668640136718750000, 6.701660156250000000, 0.087219238281250000, 10.198059082031250000, 10001.9, 36.8, 671732
JavaXComp, idle_regexredux_0, -1, 22.681518554687500000, 7.545715332031250000, 0.116577148437500000, 10.316955566406250000, 10002, 36.5, 671732
JavaXComp, idle_regexredux_0, -1, 21.205871582031250000, 6.228027343750000000, 0.093322753906250000, 10.205871582031250000, 10002, 37.2, 671732
JavaXComp, idle_regexredux_0, -1, 24.938903808593750000, 9.722534179687500000, 0.125610351562500000, 10.346862792968750000, 10002.1, 37.5, 671732
JavaXComp, idle_regexredux_0, -1, 21.379150390625000000, 6.397766113281250000, 0.081787109375000000, 10.202026367187500000, 10001.7, 38.0, 671732
JavaXComp, idle_regexredux_0, -1, 22.161193847656250000, 7.018249511718750000, 0.121826171875000000, 10.307861328125000000, 10001.9, 38.0, 671732
JavaXComp, idle_regexredux_0, -1, 21.825378417968750000, 6.843872070312500000, 0.071594238281250000, 10.200988769531250000, 10001.9, 37.8, 671732
JavaXComp, regexredux_0, -1, 768.728027343750000000, 692.252990722656250000, 0.357116699218750000, 44.802551269531250000, 38687.2, 43.2, 671732
JavaXComp, regexredux_0, -1, 754.975341796875000000, 678.001403808593750000, 0.307312011718750000, 44.893371582031250000, 38842.5, 42.5, 671732
JavaXComp, regexredux_0, -1, 758.529296875000000000, 681.668029785156250000, 0.301452636718750000, 44.782287597656250000, 38757.7, 41.2, 671732
JavaXComp, regexredux_0, -1, 754.298339843750000000, 677.601440429687500000, 0.321716308593750000, 44.735473632812500000, 38747.3, 41.5, 671732
JavaXComp, regexredux_0, -1, 755.668273925781250000, 679.362426757812500000, 0.308837890625000000, 44.569824218750000000, 38489, 42.2, 671732
JavaXComp, regexredux_0, -1, 760.982727050781250000, 683.992126464843750000, 0.303344726562500000, 44.698974609375000000, 38590.6, 42.5, 671732
JavaXComp, regexredux_0, -1, 755.000305175781250000, 678.889404296875000000, 0.329162597656250000, 44.653076171875000000, 38594.5, 41.8, 671732
JavaXComp, regexredux_0, -1, 753.704284667968750000, 677.566772460937500000, 0.296264648437500000, 44.682922363281250000, 38615, 41.8, 671732
JavaXComp, regexredux_0, -1, 762.056762695312500000, 685.414855957031250000, 0.299743652343750000, 44.843627929687500000, 38722.4, 42.2, 671732
JavaXComp, regexredux_0, -1, 754.565368652343750000, 678.060974121093750000, 0.307617187500000000, 44.741210937500000000, 38620.9, 43.0, 671732
